condA_1	condA_2	condA_3	condA_4	condA_5	condA_6	condA_7	condA_8	condA_9	condA_10	condB_1	condB_2	condB_3	condB_4	condB_5	condB_6	condB_7	condB_8	condB_9	condB_10	Correct_Answer
gene1	68	47	80	88	90	57	36	42	134	64	88	61	80	88	35	54	88	78	95	97	H0
gene2	79	64	50	97	77	64	62	107	108	92	91	86	83	106	102	76	117	87	113	66	H0
gene3	88	53	108	43	60	67	101	48	85	76	78	64	57	106	95	58	101	67	92	96	H0
gene4	37	76	72	89	80	40	87	88	71	48	103	74	69	51	40	50	80	103	63	69	H0
gene5	8	49	41	31	62	59	75	48	44	47	46	19	63	49	36	36	21	37	44	11	H0
gene6	85	81	58	72	52	55	94	68	57	51	98	104	82	118	70	71	96	51	78	71	H0
gene7	94	76	88	86	103	56	96	117	119	77	24	49	74	71	57	37	79	54	59	76	H0
gene8	8	46	44	75	68	8	76	55	35	64	83	144	89	83	101	77	74	92	115	46	H1
gene9	45	39	35	90	81	55	48	48	95	33	76	58	80	43	84	67	53	79	34	42	H0
gene10	38	28	35	66	24	57	67	59	71	61	54	62	3	50	51	82	49	17	-11	86	H0
gene11	73	29	105	56	136	62	71	26	86	64	89	93	75	42	65	114	85	102	76	95	H0
gene12	82	51	21	32	37	29	44	74	65	60	48	64	44	41	61	61	47	64	71	92	H1
gene13	48	63	70	61	100	41	29	75	51	41	78	93	80	75	50	69	54	68	41	67	H0
gene14	73	54	114	99	95	68	77	63	65	64	65	46	77	73	103	94	104	94	85	81	H0
gene15	33	29	34	77	48	54	69	57	59	33	44	64	19	59	17	47	28	51	33	62	H0
gene16	88	69	63	61	112	81	83	86	79	72	67	34	55	88	73	95	94	70	94	65	H0
gene17	56	17	58	66	53	53	94	82	44	79	78	80	65	54	83	66	76	65	48	43	H0
gene18	59	51	70	53	67	86	93	64	124	47	67	103	49	77	76	45	59	60	65	68	H0
gene19	69	58	66	58	52	81	69	20	52	62	56	71	43	59	50	76	84	54	34	62	H0
gene20	62	65	5	46	63	53	63	59	42	43	55	45	18	74	72	28	25	53	51	39	H0
gene21	75	86	106	61	30	97	110	86	89	58	88	63	102	53	71	99	84	94	78	87	H0
gene22	70	73	35	69	72	71	81	40	37	33	56	84	79	117	77	54	50	78	54	67	H1
gene23	106	38	67	40	84	57	57	71	75	58	74	43	69	59	73	73	87	66	71	56	H0
gene24	89	88	103	92	54	86	56	92	51	72	93	85	69	100	45	66	60	74	60	105	H0
gene25	54	54	35	19	68	73	83	3	73	81	60	38	60	26	44	35	15	57	63	49	H0
gene26	75	71	33	64	103	16	80	6	73	59	81	52	85	114	67	56	49	47	90	78	H0
gene27	90	84	85	75	96	64	87	40	64	28	58	78	82	54	73	74	98	93	78	59	H0
gene28	56	37	42	41	58	55	29	89	62	25	55	54	90	75	48	73	29	57	53	49	H0
gene29	31	88	49	102	73	68	59	55	79	94	55	64	82	59	60	51	59	69	68	80	H0
gene30	92	55	72	66	66	67	57	51	49	57	69	58	47	49	89	40	39	71	90	46	H0
gene31	103	89	61	89	63	75	137	81	71	62	49	159	85	67	56	85	64	71	112	61	H0
gene32	59	99	75	82	70	86	86	76	104	28	86	77	70	54	53	97	91	87	79	53	H0
gene33	76	90	77	75	91	50	72	46	71	78	57	59	76	93	92	97	48	86	74	44	H0
gene34	61	98	86	70	91	72	55	63	74	60	75	75	82	77	102	62	83	84	54	37	H0
gene35	64	72	115	56	91	59	38	92	59	92	87	85	53	83	55	93	46	90	44	80	H0
gene36	59	80	43	51	87	72	93	101	85	93	73	68	55	127	50	72	51	57	77	70	H0
gene37	50	34	28	35	43	42	59	56	86	44	65	83	68	84	58	85	77	58	76	110	H1
gene38	47	23	32	73	40	77	57	50	37	85	49	72	19	54	45	45	62	41	52	22	H0
gene39	43	35	42	42	25	51	70	47	71	33	34	60	56	39	48	40	43	52	26	76	H0
gene40	40	81	51	78	93	58	72	45	84	66	46	72	65	68	62	63	50	46	62	67	H0
gene41	99	99	69	73	73	93	100	110	79	53	97	48	79	55	88	60	61	74	64	59	H1
gene42	64	72	93	46	48	58	36	51	46	47	79	73	71	34	70	27	41	59	30	41	H1
gene43	81	85	84	46	94	93	64	38	54	43	50	51	53	73	62	58	34	95	91	58	H0
gene44	59	62	58	65	15	37	19	42	32	69	71	33	39	24	68	47	46	72	52	47	H0
gene45	26	40	44	30	51	48	23	75	83	48	57	44	36	60	39	71	51	44	28	31	H0
gene46	55	20	83	39	74	17	71	16	69	20	68	45	78	56	18	38	44	77	94	78	H0
gene47	42	60	103	86	82	113	56	39	86	59	78	73	36	37	85	68	72	86	66	57	H0
gene48	48	47	61	55	44	78	72	78	90	42	35	43	26	37	67	27	60	47	38	65	H0
gene49	63	84	71	79	48	58	68	77	26	62	69	71	27	47	95	24	53	54	41	64	H0
gene50	76	124	89	67	92	95	99	67	67	74	88	67	66	97	108	74	76	98	42	53	H0
gene51	42	21	50	56	42	61	89	83	79	52	25	73	70	97	19	62	59	23	60	20	H0
gene52	77	66	111	107	79	90	87	56	64	64	63	31	84	78	92	88	98	76	24	76	H0
gene53	81	57	67	77	51	53	56	62	62	31	78	73	26	82	96	74	62	83	49	41	H0
gene54	55	71	80	100	74	60	63	66	77	62	96	61	85	47	62	47	59	81	84	36	H0
gene55	46	43	57	65	81	82	67	49	68	75	94	59	40	53	48	72	68	94	63	58	H0
gene56	62	19	49	85	40	69	62	65	41	41	28	77	42	45	37	73	70	67	32	52	H0
gene57	64	49	59	55	83	32	61	42	39	35	47	38	78	43	57	54	72	52	60	57	H0
gene58	61	43	47	56	61	89	49	73	42	73	53	74	39	67	61	30	26	50	82	48	H0
gene59	50	69	87	52	24	51	87	53	75	48	45	32	51	21	69	26	62	41	66	87	H0
gene60	65	119	26	31	37	89	38	86	63	66	59	51	51	50	64	43	63	52	98	30	H0
gene61	27	44	60	51	123	72	103	27	46	53	66	45	96	81	52	62	83	107	86	62	H0
gene62	40	42	89	109	29	60	120	59	46	54	61	68	79	77	102	110	66	106	81	72	H0
gene63	76	66	53	62	44	41	62	71	44	42	42	96	50	54	64	60	49	61	28	59	H0
gene64	74	87	89	90	88	64	75	26	113	68	86	130	86	71	90	36	85	84	111	88	H0
gene65	88	70	81	78	45	46	99	110	80	79	63	66	70	108	96	69	69	10	66	41	H0
gene66	99	66	62	96	39	92	68	35	37	36	65	88	91	44	51	46	70	108	45	49	H0
gene67	38	70	49	50	43	45	54	47	52	64	82	92	86	81	85	60	76	57	116	72	H1
gene68	55	95	80	90	47	40	60	64	65	57	82	64	89	63	38	88	44	64	47	64	H0
gene69	26	51	46	60	78	49	41	93	75	29	39	54	78	72	54	69	55	26	53	53	H0
gene70	86	104	101	109	96	92	93	85	63	59	79	59	81	85	93	85	71	83	76	77	H0
gene71	47	102	94	47	75	61	65	49	72	111	64	99	51	81	65	64	82	95	48	33	H0
gene72	49	53	95	67	54	99	78	65	104	74	38	63	51	84	147	33	92	66	59	57	H0
gene73	67	90	75	76	87	79	45	53	106	91	100	116	99	61	79	79	79	65	86	99	H0
gene74	59	73	19	44	65	81	45	72	44	82	86	86	59	107	98	85	44	49	94	100	H0
gene75	59	69	100	43	47	71	52	62	89	84	42	71	45	61	89	74	93	46	97	61	H0
gene76	17	66	47	28	34	54	34	42	54	16	29	51	74	35	18	49	58	62	32	12	H0
gene77	-4	86	54	28	51	58	60	70	70	75	74	58	40	88	70	46	106	61	54	37	H0
gene78	63	59	41	89	37	65	28	95	63	81	31	43	63	105	94	70	35	39	36	63	H0
gene79	81	47	25	46	83	64	95	50	44	29	73	35	69	64	66	53	76	74	68	51	H0
gene80	86	66	68	65	67	44	40	67	85	64	59	48	53	80	90	58	69	97	48	52	H0
gene81	71	38	42	23	56	20	33	23	73	83	40	28	67	41	55	43	42	67	77	59	H0
gene82	87	65	65	50	120	83	84	102	86	73	62	99	36	82	91	82	48	71	61	96	H0
gene83	93	99	84	85	89	104	57	54	88	90	77	59	52	53	67	102	83	125	75	70	H0
gene84	72	39	97	75	77	67	45	78	101	55	65	37	15	88	-4	80	30	60	75	25	H1
gene85	51	39	60	52	-1	54	87	63	30	63	51	48	22	42	62	30	45	29	47	72	H0
gene86	77	58	53	68	81	94	66	90	54	37	50	46	82	68	93	84	70	59	90	41	H0
gene87	94	89	90	115	91	72	86	68	78	62	89	75	60	66	82	83	35	101	85	59	H0
gene88	77	101	97	76	83	68	62	85	109	107	86	51	89	87	90	78	95	42	45	65	H0
gene89	81	74	72	78	70	35	81	61	59	64	41	54	74	29	22	117	88	35	71	73	H0
gene90	49	41	51	72	31	67	59	74	101	64	64	63	53	108	104	83	68	65	77	54	H0
gene91	65	73	117	75	82	92	91	118	59	68	105	55	72	95	55	87	68	72	76	48	H0
gene92	56	43	80	52	28	63	34	24	71	46	88	57	86	23	64	49	89	45	64	59	H0
gene93	86	45	78	96	98	95	79	65	66	41	59	85	103	55	68	79	59	102	69	93	H0
gene94	75	90	48	85	114	62	74	45	58	42	76	69	61	108	79	75	107	91	70	68	H0
gene95	70	60	75	87	77	89	62	74	104	56	89	39	90	109	63	69	65	51	102	80	H0
gene96	71	18	62	64	43	83	72	46	63	35	47	38	68	73	46	52	33	8	55	38	H0
gene97	71	67	53	61	52	96	59	34	75	57	51	42	62	51	77	51	50	65	52	88	H0
gene98	77	94	96	71	93	72	65	51	85	66	91	69	64	61	98	57	79	72	68	50	H0
gene99	52	58	36	56	88	84	45	52	65	52	99	75	66	75	60	55	100	69	86	70	H0
gene100	53	49	73	45	78	30	37	30	75	27	46	89	51	53	31	95	77	47	61	109	H0
gene101	27	48	48	50	56	66	76	53	87	47	55	50	78	98	92	42	78	71	42	89	H0
gene102	88	70	97	73	97	85	100	68	42	73	92	93	76	86	71	75	91	84	91	61	H0
gene103	53	83	92	94	77	73	45	52	76	74	87	91	82	87	109	59	95	85	53	70	H0
gene104	70	51	78	43	47	20	4	19	82	54	27	52	37	70	66	53	55	45	29	42	H0
gene105	113	120	96	60	108	88	18	106	44	84	58	51	96	33	28	78	118	91	97	103	H0
gene106	67	64	63	48	60	102	84	68	71	62	43	58	74	27	89	24	99	67	64	80	H0
gene107	33	18	57	67	45	74	77	104	67	83	69	83	71	63	68	67	70	43	63	46	H1
gene108	64	43	45	41	85	29	72	64	84	70	46	56	68	88	38	49	27	48	35	100	H0
gene109	88	55	84	89	92	111	98	82	102	62	54	36	83	78	47	41	30	95	88	82	H0
gene110	86	68	55	27	75	77	70	46	52	81	51	72	52	67	65	73	77	76	103	44	H0
gene111	64	76	68	28	86	75	56	80	49	69	42	46	72	60	65	55	71	69	71	57	H0
gene112	59	30	47	14	43	106	86	70	85	59	49	20	75	66	96	65	53	70	48	68	H0
gene113	67	51	67	74	82	58	55	87	83	33	80	25	73	83	39	76	93	57	89	79	H0
gene114	77	91	65	101	89	97	71	100	84	84	72	60	63	103	106	93	94	79	69	60	H0
gene115	49	37	50	35	31	59	39	30	-12	33	71	53	40	57	51	45	74	38	44	53	H0
gene116	80	84	51	26	56	71	70	38	61	84	71	88	64	73	66	64	20	110	73	90	H0
gene117	84	51	79	77	92	96	35	51	75	63	54	75	91	64	83	57	82	61	80	82	H0
gene118	46	79	49	51	70	89	53	69	43	76	40	57	6	80	89	65	76	29	86	59	H0
gene119	23	60	61	61	79	33	49	57	87	61	83	94	82	89	62	24	44	72	53	38	H0
gene120	88	101	77	58	54	94	111	87	32	85	83	94	46	69	73	117	66	89	57	71	H0
gene121	59	97	73	95	85	84	51	105	94	71	64	80	68	47	55	55	75	81	94	58	H0
gene122	63	37	61	71	73	62	36	34	61	53	79	73	67	89	54	99	79	80	87	72	H1
gene123	53	62	60	49	82	60	63	96	80	55	36	78	65	85	63	38	76	45	73	64	H1
gene124	106	97	69	66	58	64	83	65	44	64	68	133	79	68	68	71	90	73	100	96	H0
gene125	44	51	70	66	42	79	26	47	54	46	35	61	58	69	43	78	63	43	44	37	H0
gene126	56	96	72	20	39	61	63	41	42	114	108	70	76	63	60	72	98	37	100	102	H1
gene127	50	93	51	56	64	79	53	81	57	83	69	37	89	61	94	55	70	66	58	55	H0
gene128	108	50	122	91	19	92	83	27	75	53	79	98	112	56	91	72	56	37	75	45	H0
gene129	83	69	28	32	87	48	66	49	55	58	54	96	33	38	59	31	63	57	41	34	H0
gene130	7	64	41	35	68	46	82	70	60	82	102	28	56	51	44	69	64	87	73	23	H0
gene131	89	59	74	69	76	69	72	62	52	47	77	51	69	41	46	82	53	52	54	69	H0
gene132	48	77	85	86	50	64	63	68	54	56	122	72	85	75	63	61	69	55	76	54	H0
gene133	62	52	41	51	38	68	41	86	77	47	93	38	77	82	39	43	122	73	54	49	H0
gene134	56	32	63	74	38	57	34	58	6	51	108	70	97	31	41	65	83	74	52	54	H0
gene135	60	60	2	62	60	53	60	62	11	20	5	38	36	23	70	25	60	29	52	59	H0
gene136	73	77	64	64	62	86	100	65	61	61	56	59	81	91	68	47	96	61	39	73	H0
gene137	86	63	45	43	52	66	58	18	13	85	19	22	6	27	40	21	79	24	44	33	H0
gene138	72	42	76	58	55	55	53	110	82	55	79	64	64	63	45	47	79	55	60	64	H0
gene139	96	105	58	85	57	25	73	51	56	75	39	96	62	72	81	30	53	75	100	84	H0
gene140	56	43	52	62	45	41	79	80	56	52	65	62	86	86	92	63	96	78	76	69	H1
gene141	60	81	71	67	64	30	74	30	52	61	78	85	76	47	44	66	88	63	87	81	H0
gene142	55	62	48	99	65	61	66	50	65	43	81	78	59	82	60	99	52	49	66	69	H0
gene143	66	57	38	48	54	64	39	22	57	74	46	9	25	6	57	11	36	46	38	71	H0
gene144	81	81	55	97	71	44	55	49	85	54	104	93	56	42	41	65	91	58	68	96	H1
gene145	111	76	80	66	69	95	86	96	61	112	108	130	66	102	58	95	77	79	63	86	H0
gene146	61	29	52	106	29	78	67	66	57	101	55	98	75	67	43	86	65	44	67	52	H0
gene147	71	53	24	4	72	88	75	91	33	43	51	63	77	61	45	45	64	80	67	34	H0
gene148	71	98	102	93	67	103	124	74	78	70	91	84	78	67	74	86	106	78	51	59	H0
gene149	60	64	58	80	87	82	99	88	100	48	61	103	69	72	68	94	44	124	50	94	H0
gene150	52	62	37	54	40	46	80	90	60	54	60	67	68	83	64	51	61	70	53	41	H0
gene151	46	37	79	79	61	45	71	94	88	69	84	76	72	42	76	73	71	68	69	87	H0
gene152	87	88	63	105	100	55	98	63	97	65	32	70	82	65	47	51	63	89	70	93	H0
gene153	73	88	80	66	52	65	52	76	36	43	42	106	74	90	83	23	58	35	66	40	H0
gene154	88	76	78	123	60	55	73	53	84	33	102	61	98	59	78	38	49	63	58	83	H0
gene155	50	42	49	50	84	-3	19	57	51	50	106	76	89	60	76	132	33	74	74	84	H1
gene156	39	69	58	90	13	15	21	63	53	54	65	73	58	52	35	3	41	54	65	58	H0
gene157	66	81	81	69	60	92	110	79	84	100	116	25	83	52	73	29	64	61	73	62	H0
gene158	121	107	67	95	70	60	82	35	76	62	116	92	100	81	80	100	70	62	44	84	H0
gene159	77	48	117	114	67	80	70	57	54	80	74	67	102	97	95	86	72	118	80	89	H0
gene160	61	58	28	69	73	78	56	92	57	66	94	85	87	70	62	43	42	75	54	91	H0
gene161	24	76	29	34	47	28	48	51	67	54	44	19	35	46	47	32	49	77	49	73	H0
gene162	72	81	59	49	43	76	73	35	42	37	39	56	45	119	58	90	57	55	72	54	H1
gene163	84	40	93	82	68	78	83	85	61	85	66	64	64	58	86	82	69	83	96	90	H0
gene164	36	75	58	73	67	38	33	34	74	37	72	68	69	48	63	69	35	80	77	57	H0
gene165	74	39	40	59	62	55	65	84	87	58	111	74	83	89	58	79	64	124	42	73	H0
gene166	69	25	47	42	86	30	49	59	-7	96	78	66	54	45	40	50	71	74	75	83	H0
gene167	65	102	95	87	31	87	68	91	65	83	79	103	42	91	56	68	81	94	51	97	H0
gene168	3	74	29	30	34	72	48	58	15	48	40	27	30	-5	38	31	47	29	28	42	H0
gene169	76	88	89	111	82	78	106	84	58	81	103	102	96	85	98	85	100	104	86	63	H0
gene170	30	57	57	66	76	74	89	54	65	55	36	62	103	88	52	73	83	48	61	40	H0
gene171	76	84	39	68	73	61	112	60	50	91	41	74	43	98	55	46	44	82	42	23	H0
gene172	67	66	56	68	91	68	76	63	57	52	55	60	64	61	58	24	64	47	60	67	H0
gene173	93	92	67	78	103	101	66	80	109	58	97	97	107	58	63	64	82	11	74	58	H0
gene174	48	36	106	30	31	75	51	66	82	57	47	28	65	39	54	97	58	47	62	94	H0
gene175	67	78	73	96	66	70	94	70	58	53	76	78	61	113	88	131	80	68	101	46	H0
gene176	82	91	100	30	71	90	56	56	21	54	65	53	71	85	69	89	70	85	114	60	H0
gene177	80	56	60	115	94	84	72	83	78	55	90	127	62	77	106	79	73	49	62	87	H0
gene178	85	71	38	91	59	53	70	111	58	83	44	55	97	109	59	98	97	66	92	49	H0
gene179	94	35	87	108	54	96	79	63	77	49	57	74	24	89	37	87	46	49	34	46	H0
gene180	91	31	32	46	54	45	19	46	33	19	8	59	94	50	25	77	39	67	55	27	H0
gene181	58	56	48	86	68	92	59	75	71	87	93	49	36	80	86	70	103	90	47	31	H0
gene182	77	49	57	56	72	68	100	85	70	66	65	63	84	88	72	91	111	65	76	56	H0
gene183	94	87	77	108	79	51	96	45	90	80	70	60	70	84	65	57	100	67	63	67	H0
gene184	52	64	71	74	52	95	83	80	47	78	109	79	153	44	94	61	76	57	101	79	H0
gene185	61	50	84	54	76	65	95	45	92	49	65	40	62	63	41	85	61	55	56	44	H0
gene186	43	66	63	98	60	9	78	50	62	114	75	38	116	77	76	44	70	106	96	82	H0
gene187	90	94	82	85	121	79	66	105	101	85	63	127	100	67	80	37	77	65	78	66	H0
gene188	72	76	101	89	48	34	87	79	45	70	70	44	77	80	73	41	88	60	47	50	H0
gene189	84	91	76	93	82	44	44	75	67	117	93	92	24	131	92	38	57	91	64	85	H0
gene190	96	96	73	51	83	72	117	62	60	74	100	87	51	52	64	88	47	77	83	78	H0
gene191	45	59	58	34	42	28	79	82	75	45	55	62	61	20	32	88	34	56	59	54	H0
gene192	77	67	46	67	57	78	70	62	87	43	86	25	81	57	27	62	75	85	63	75	H0
gene193	57	42	96	38	44	69	36	97	88	30	82	38	62	51	68	64	56	79	44	62	H1
gene194	67	73	78	66	74	62	72	76	55	72	80	58	76	119	111	61	66	86	64	101	H0
gene195	70	50	82	91	96	38	70	66	75	79	85	81	69	62	55	80	50	68	105	76	H0
gene196	69	61	72	75	99	54	136	45	69	58	85	73	124	71	75	55	33	63	58	77	H0
gene197	42	52	72	73	46	74	82	70	47	37	66	35	76	67	81	93	8	60	74	60	H1
gene198	86	66	77	109	84	91	80	83	53	69	59	63	69	99	61	63	34	96	60	94	H0
gene199	47	64	54	94	29	50	82	27	71	95	110	45	85	39	56	35	87	53	51	73	H0
gene200	49	57	89	54	46	42	69	20	10	76	70	73	93	87	90	44	71	54	27	55	H0
gene201	65	54	56	49	83	98	77	87	87	93	49	81	76	72	83	96	50	74	90	79	H1
gene202	72	102	82	91	81	82	115	109	58	49	69	73	60	104	71	83	104	63	79	112	H0
gene203	76	74	96	76	88	114	97	70	81	83	56	64	44	56	71	45	53	53	70	67	H0
gene204	46	78	85	62	104	84	71	90	73	76	61	127	63	75	86	112	61	72	68	38	H0
gene205	69	46	68	80	76	58	72	73	61	36	107	90	84	54	52	89	38	78	76	41	H0
gene206	17	53	71	102	34	78	34	30	73	103	59	54	54	83	38	90	49	44	90	52	H0
gene207	22	71	69	64	85	60	49	66	54	45	56	78	54	51	54	62	64	48	77	68	H0
gene208	109	67	67	52	80	82	115	90	76	35	38	57	82	58	90	72	58	42	83	56	H0
gene209	55	45	62	76	38	52	34	58	18	27	42	39	50	61	29	37	78	40	59	52	H0
gene210	76	55	35	42	63	48	81	48	54	28	36	82	71	84	86	69	65	51	20	83	H0
gene211	69	84	100	89	81	76	104	106	75	65	60	66	48	60	39	24	49	66	78	62	H0
gene212	74	39	71	69	76	49	45	78	64	52	69	61	45	42	50	67	59	69	94	62	H0
gene213	83	94	72	24	78	54	77	81	102	41	70	68	59	87	108	82	62	42	85	68	H0
gene214	49	57	66	53	47	68	36	70	63	89	45	14	61	62	37	61	76	51	46	43	H0
gene215	90	69	96	83	116	39	63	78	47	91	62	102	40	94	84	52	115	50	103	91	H0
gene216	58	27	61	41	61	86	84	77	42	64	90	46	61	41	34	69	66	66	110	65	H0
gene217	96	41	67	65	75	73	40	65	33	80	50	78	57	90	39	96	67	83	37	72	H0
gene218	53	73	83	72	57	68	22	105	49	58	61	64	88	89	98	53	61	85	92	112	H1
gene219	54	51	57	62	47	20	60	55	24	49	59	80	88	101	93	81	50	70	88	60	H1
gene220	99	65	94	100	54	72	126	107	67	51	94	55	80	65	79	104	95	100	75	97	H0
gene221	44	104	55	59	86	75	95	77	71	108	55	62	57	58	76	109	71	55	96	45	H0
gene222	83	115	66	59	110	78	61	68	83	81	74	78	71	25	59	56	95	31	36	73	H1
gene223	78	36	72	37	57	24	79	56	60	48	53	58	56	49	56	67	47	93	50	15	H0
gene224	85	65	44	56	77	59	91	75	88	67	80	94	76	76	104	73	36	61	108	109	H0
gene225	54	46	40	71	60	92	60	45	19	42	51	-8	59	40	56	37	50	13	52	37	H1
gene226	34	70	49	50	53	20	58	59	72	97	68	7	29	36	78	12	50	63	33	36	H0
gene227	46	85	92	73	70	49	72	78	63	70	59	66	106	89	92	45	110	38	68	68	H0
gene228	24	41	45	92	46	31	60	50	41	60	31	42	86	75	66	43	69	38	91	50	H0
gene229	55	65	35	62	30	54	62	62	16	71	64	96	75	86	100	69	69	86	35	52	H0
gene230	101	85	108	120	99	83	113	110	82	51	59	82	84	48	84	78	94	99	83	70	H0
gene231	65	52	60	63	48	40	71	89	69	59	53	49	17	46	30	73	62	71	77	86	H0
gene232	37	11	22	58	65	103	42	55	41	57	32	54	28	34	54	54	61	58	78	3	H0
gene233	36	35	60	22	48	75	51	39	47	52	7	54	24	55	60	69	59	37	101	51	H0
gene234	78	55	68	61	56	76	71	56	55	59	99	31	48	71	63	103	84	59	68	48	H0
gene235	74	41	88	37	59	40	61	97	51	43	60	75	42	53	80	44	79	76	64	107	H0
gene236	48	36	64	85	50	45	41	77	93	23	75	79	68	74	48	36	63	67	103	73	H0
gene237	79	105	116	75	82	86	60	78	70	79	107	58	119	96	68	106	83	79	65	80	H0
gene238	117	87	87	94	131	90	95	57	64	57	83	76	96	51	67	61	41	64	82	64	H0
gene239	64	82	63	53	42	62	30	78	41	48	53	17	51	27	35	37	60	26	16	115	H0
gene240	30	38	60	51	43	46	57	36	21	31	45	43	50	79	46	32	98	50	74	36	H1
gene241	21	92	70	54	29	77	26	59	20	32	70	54	80	61	58	77	56	69	76	73	H0
gene242	63	81	79	94	116	97	77	93	115	83	86	118	61	71	82	106	75	114	81	97	H0
gene243	38	29	78	65	63	47	62	47	38	68	41	58	69	74	78	52	49	67	51	66	H0
gene244	44	4	115	76	66	51	40	34	106	32	79	74	41	45	23	56	34	90	44	50	H0
gene245	70	64	52	54	18	34	46	21	44	70	46	64	99	53	109	42	50	51	45	36	H0
gene246	89	62	92	57	34	66	80	49	73	81	90	62	65	102	116	52	76	60	37	76	H0
gene247	36	96	54	59	76	85	-5	72	55	67	45	75	22	79	39	50	52	52	97	54	H0
gene248	73	68	45	57	63	55	80	83	-2	53	45	59	44	54	49	37	66	43	41	69	H0
gene249	87	52	67	76	93	53	82	81	78	105	108	98	78	74	124	100	98	55	98	96	H0
gene250	58	57	57	81	80	73	62	81	94	67	80	40	88	61	67	43	57	34	35	90	H0
gene251	68	102	85	80	42	28	72	90	53	80	67	22	73	82	31	83	70	44	32	98	H0
gene252	65	87	60	34	63	41	46	33	73	29	42	58	49	79	53	85	50	73	65	53	H0
gene253	50	59	63	42	102	78	63	53	47	73	79	56	92	74	96	57	85	57	78	64	H0
gene254	104	61	75	75	92	107	84	47	74	80	119	77	98	100	112	57	75	68	126	58	H0
gene255	41	33	45	96	24	53	57	85	32	61	52	45	66	73	59	18	57	47	12	76	H0
gene256	89	74	74	60	69	71	36	60	32	41	118	54	141	89	89	66	35	59	16	66	H1
gene257	66	61	79	84	84	63	88	48	83	58	45	76	47	67	74	92	66	79	88	81	H0
gene258	62	73	90	84	75	45	97	107	59	41	60	86	86	62	44	59	24	40	40	90	H1
gene259	102	74	80	94	56	81	52	84	35	94	76	15	83	42	65	85	46	60	77	65	H0
gene260	21	53	50	50	29	37	46	31	26	55	37	56	60	82	85	39	30	57	17	23	H0
gene261	113	93	69	59	66	78	98	44	19	79	83	75	70	94	87	56	61	54	36	23	H0
gene262	44	60	44	86	45	62	46	24	41	85	76	87	100	8	71	66	78	77	69	66	H0
gene263	55	44	66	47	97	83	110	48	89	56	83	69	45	79	15	40	82	48	23	61	H0
gene264	73	111	67	57	91	21	82	79	58	83	107	90	77	114	94	52	72	69	81	14	H0
gene265	128	48	77	28	60	121	110	77	88	75	78	56	48	33	66	69	95	61	65	104	H0
gene266	22	28	52	61	32	54	87	33	20	68	37	62	86	73	67	53	46	44	53	105	H0
gene267	86	69	59	103	55	135	87	86	75	84	103	92	59	68	64	72	50	93	70	88	H0
gene268	46	32	42	75	12	87	48	25	39	69	120	63	63	69	67	61	20	93	61	71	H1
gene269	84	77	111	61	76	69	69	62	64	84	61	35	106	85	30	94	57	48	90	78	H0
gene270	59	77	36	79	58	65	68	52	63	77	50	59	72	80	70	39	69	66	36	30	H0
gene271	41	46	90	42	51	88	107	63	45	73	94	43	85	92	45	105	34	105	56	64	H0
gene272	74	90	81	78	92	65	80	-1	100	83	58	102	95	76	74	66	48	87	69	94	H0
gene273	41	38	51	25	62	48	65	59	25	66	41	71	58	66	21	24	51	38	32	52	H0
gene274	88	69	59	58	66	93	58	83	84	61	41	100	76	35	74	76	67	79	120	81	H0
gene275	58	20	44	65	39	39	59	72	37	59	66	41	79	44	78	64	46	78	83	30	H0
gene276	77	62	85	71	46	70	57	37	68	47	72	34	75	38	39	63	73	36	75	55	H0
gene277	80	82	49	56	48	59	58	38	85	84	63	70	96	74	84	80	89	56	88	65	H0
gene278	79	60	85	65	66	72	70	100	110	63	53	43	22	45	35	66	49	53	36	50	H1
gene279	66	28	43	42	35	61	46	49	67	76	55	50	90	69	63	46	33	66	52	37	H0
gene280	103	84	80	88	68	61	58	74	95	86	74	74	119	96	52	79	95	83	112	87	H0
gene281	44	69	42	51	73	72	47	65	91	89	81	64	45	78	56	78	48	94	83	47	H0
gene282	94	62	70	55	17	28	78	62	53	48	70	73	48	42	66	60	34	37	49	67	H0
gene283	105	92	87	105	66	61	42	79	89	64	111	89	79	72	60	73	106	109	55	96	H0
gene284	79	16	26	40	62	56	59	57	105	40	80	54	80	114	52	82	45	73	91	76	H1
gene285	77	89	56	59	86	76	73	73	57	84	63	92	64	68	66	79	71	67	87	117	H0
gene286	24	47	52	57	42	36	71	30	68	82	60	94	36	98	71	65	64	78	72	80	H0
gene287	32	40	73	21	55	67	74	91	79	52	41	22	65	45	71	32	29	58	77	30	H0
gene288	36	9	25	47	77	96	33	39	68	56	44	49	52	62	20	44	45	-16	72	32	H0
gene289	45	39	49	26	66	49	70	78	48	47	41	70	64	27	42	63	68	63	37	76	H1
gene290	78	70	106	58	51	92	79	100	92	89	74	74	75	70	73	39	83	37	51	79	H0
gene291	62	80	72	77	59	62	73	83	73	93	70	116	67	95	37	26	65	86	65	84	H0
gene292	71	106	88	48	57	25	62	76	69	85	83	93	83	43	69	77	69	34	93	44	H0
gene293	99	110	72	51	56	99	92	68	71	80	64	77	127	82	57	118	98	110	76	57	H0
gene294	49	70	66	60	76	32	42	76	53	61	71	23	37	64	77	35	25	7	46	100	H0
gene295	24	79	92	69	52	83	67	86	68	54	56	61	75	91	65	99	57	84	73	60	H0
gene296	74	76	53	79	82	67	80	91	111	102	42	93	85	93	71	71	68	97	66	98	H0
gene297	80	79	83	59	82	73	66	99	46	75	78	84	42	90	57	85	41	118	40	89	H0
gene298	54	72	67	37	106	60	57	69	99	44	65	47	81	39	62	36	79	73	47	82	H0
gene299	84	113	63	57	95	48	57	116	81	86	55	100	61	74	83	88	74	55	61	55	H0
gene300	68	63	46	54	62	69	55	80	7	78	92	37	62	54	87	106	71	80	53	37	H1
gene301	54	66	99	60	61	85	96	59	47	53	90	45	82	134	52	92	64	92	68	84	H0
gene302	53	42	75	76	86	67	72	60	54	70	84	82	74	29	90	57	38	44	38	55	H0
gene303	84	80	72	81	78	97	95	117	71	91	23	85	68	91	66	90	41	73	78	119	H0
gene304	70	59	43	76	36	105	65	62	43	77	66	83	59	75	75	40	51	61	87	70	H0
gene305	72	9	41	81	56	51	59	61	67	46	45	33	32	57	27	24	41	19	36	56	H0
gene306	90	81	78	116	48	77	96	85	81	94	61	70	90	69	72	74	94	93	72	79	H0
gene307	42	66	96	78	50	83	56	50	109	51	48	68	6	78	61	60	28	53	74	53	H1
gene308	32	32	35	46	45	26	47	40	76	19	18	26	75	32	38	31	33	68	78	34	H0
gene309	85	73	70	55	61	66	50	71	113	42	46	103	45	71	67	49	88	48	41	57	H0
gene310	53	49	61	47	50	64	29	74	35	69	84	66	73	84	70	57	72	42	49	67	H0
gene311	75	88	78	25	53	54	62	45	79	31	105	77	82	51	53	35	64	39	67	50	H1
gene312	31	64	72	82	89	74	101	55	63	85	54	73	86	75	106	59	35	81	109	67	H0
gene313	91	64	83	96	106	119	61	75	77	70	82	99	67	88	107	83	119	65	94	57	H0
gene314	83	79	47	53	32	94	84	81	53	52	78	56	98	89	41	85	64	61	35	116	H0
gene315	64	95	96	27	102	56	90	82	76	103	100	101	79	91	77	72	70	64	102	52	H0
gene316	38	91	58	101	102	92	90	111	95	71	79	71	40	89	76	66	48	68	59	90	H0
gene317	44	49	64	24	55	59	77	18	93	25	68	52	92	81	68	53	38	45	61	83	H1
gene318	90	82	78	45	85	96	125	60	90	107	78	85	50	53	71	59	69	52	61	64	H1
gene319	112	69	64	72	82	75	70	78	70	59	80	92	65	69	64	69	58	62	55	68	H1
gene320	88	71	34	71	86	76	75	46	98	72	41	41	57	39	22	54	91	29	68	68	H0
gene321	74	85	44	67	59	59	76	45	3	69	74	34	92	79	59	43	12	39	48	44	H0
gene322	38	84	32	44	55	48	36	86	53	37	33	52	50	67	48	85	55	29	81	65	H0
gene323	68	61	56	54	57	31	66	60	37	90	45	71	58	19	42	45	42	44	63	60	H0
gene324	34	28	59	45	74	35	60	65	83	13	54	86	79	46	40	79	78	66	70	48	H0
gene325	63	54	70	60	35	62	66	27	45	61	43	76	87	84	74	87	47	81	90	78	H1
gene326	44	52	32	43	40	88	43	62	69	40	74	73	68	77	80	72	43	64	65	77	H0
gene327	29	70	81	74	42	69	25	17	65	82	99	65	82	30	84	54	26	56	47	67	H0
gene328	68	95	58	48	29	52	83	102	79	87	59	49	45	60	50	57	72	69	65	93	H0
gene329	49	60	31	51	65	49	37	19	30	78	76	70	38	44	32	39	40	40	47	29	H0
gene330	96	66	55	62	77	90	86	87	113	123	74	69	88	65	68	82	74	73	82	68	H0
gene331	67	84	58	75	22	83	43	57	52	37	61	69	54	39	42	89	57	56	41	37	H0
gene332	111	42	83	72	106	86	72	68	64	86	54	91	93	31	98	54	66	61	101	89	H0
gene333	63	58	68	63	76	42	65	36	55	27	108	60	31	95	34	54	57	19	51	64	H0
gene334	84	108	74	104	44	61	79	66	110	60	113	118	61	51	87	87	96	57	69	98	H0
gene335	37	58	85	89	60	50	83	68	68	76	68	32	31	92	73	80	75	90	105	41	H0
gene336	54	68	68	75	94	65	72	89	70	107	89	61	98	77	100	96	73	52	82	78	H0
gene337	71	58	102	73	62	46	62	78	69	44	39	57	52	28	64	10	68	36	65	39	H0
gene338	68	45	76	41	16	62	31	47	81	42	82	81	73	88	65	43	70	71	106	120	H1
gene339	36	50	60	29	80	69	22	15	65	55	43	62	37	13	55	72	75	53	32	37	H0
gene340	73	70	49	93	52	74	63	54	94	62	93	65	71	60	54	38	26	62	87	50	H0
gene341	81	109	69	76	47	71	58	58	77	89	91	75	103	85	95	54	74	59	96	69	H0
gene342	34	26	60	96	71	83	63	81	16	57	35	38	8	71	34	50	64	46	96	58	H0
gene343	70	48	53	76	57	52	34	68	73	33	69	60	46	72	83	67	52	59	48	69	H0
gene344	88	40	34	65	19	86	61	69	50	56	22	58	73	32	56	49	67	59	47	39	H0
gene345	73	68	82	42	81	64	97	48	70	108	52	89	73	33	52	85	60	57	41	126	H0
gene346	36	100	63	83	51	86	77	110	39	45	66	39	80	74	71	86	51	49	64	106	H0
gene347	71	88	47	76	34	49	76	80	83	45	91	64	57	72	112	103	61	97	88	86	H0
gene348	39	51	22	17	63	92	8	28	73	43	50	42	51	80	68	20	55	12	47	62	H0
gene349	87	62	59	55	62	77	62	56	68	54	61	40	69	98	87	69	79	36	56	48	H0
gene350	58	68	51	103	79	59	35	63	65	63	73	86	54	109	118	69	47	95	67	56	H0
gene351	92	35	56	84	64	38	91	56	50	93	58	72	41	54	40	60	59	35	19	48	H0
gene352	80	63	80	46	36	37	52	53	44	60	52	74	40	57	84	66	80	67	36	87	H0
gene353	63	91	76	60	33	17	74	63	65	62	30	83	63	85	73	60	78	81	85	100	H1
gene354	53	69	41	76	90	49	82	79	64	32	27	58	52	48	40	47	31	53	57	26	H0
gene355	41	116	45	59	77	78	116	59	124	56	79	54	95	75	83	76	68	39	86	107	H0
gene356	37	73	13	64	48	54	76	49	69	83	55	79	37	29	47	35	92	49	81	56	H0
gene357	96	76	9	75	87	74	104	43	15	55	69	75	80	70	77	56	69	34	84	90	H0
gene358	48	105	29	67	84	27	82	72	71	96	58	60	62	74	34	54	50	67	63	75	H0
gene359	97	73	67	66	117	66	127	76	57	69	107	79	97	70	104	75	85	105	65	53	H0
gene360	83	66	109	80	58	70	105	72	72	53	61	104	64	76	84	81	83	84	67	55	H0
gene361	42	54	77	53	46	57	84	28	31	42	79	48	71	71	86	111	88	82	108	65	H1
gene362	73	104	61	75	78	73	82	77	54	75	81	45	92	66	77	94	73	72	87	79	H0
gene363	73	81	46	56	66	53	55	74	42	68	50	48	62	40	68	90	71	83	70	17	H0
gene364	80	64	97	83	109	65	75	92	83	60	50	115	50	69	65	88	117	98	89	70	H0
gene365	71	61	124	53	77	55	56	64	52	70	88	62	86	89	73	47	84	107	81	61	H0
gene366	66	46	62	113	65	46	32	31	56	83	62	62	50	64	30	16	79	14	32	76	H0
gene367	61	45	67	67	64	105	39	80	53	77	68	86	88	87	88	96	85	78	84	47	H0
gene368	100	88	98	59	40	76	38	104	79	109	64	100	91	81	74	101	89	96	77	21	H0
gene369	118	42	28	79	54	37	75	94	69	42	63	54	66	44	49	9	58	42	52	52	H0
gene370	71	66	106	86	63	95	70	75	78	67	81	93	72	86	56	86	90	86	67	80	H0
gene371	69	94	66	90	54	48	66	63	79	70	85	98	75	67	52	54	66	59	69	76	H0
gene372	22	105	42	93	70	40	54	63	76	41	64	72	70	94	106	60	89	67	52	58	H0
gene373	59	127	93	59	112	63	80	64	82	68	87	79	89	80	77	97	88	80	84	70	H0
gene374	63	58	50	85	54	79	89	117	66	89	59	66	83	135	94	90	85	60	69	94	H0
gene375	84	74	71	54	67	70	73	76	65	76	95	87	49	77	83	59	45	66	44	39	H0
gene376	69	90	64	77	63	27	53	64	105	29	49	41	51	68	71	58	45	34	70	76	H0
gene377	48	89	21	65	85	61	88	29	68	45	66	69	46	36	77	74	62	69	58	63	H0
gene378	55	64	73	82	54	46	53	83	76	104	67	101	75	103	100	88	72	83	54	113	H0
gene379	57	46	40	80	94	71	75	20	77	42	46	94	51	62	19	32	63	53	68	83	H0
gene380	47	84	70	104	34	28	50	53	91	43	69	52	36	29	42	54	34	60	72	63	H0
gene381	55	113	67	78	87	91	82	68	68	62	60	107	46	71	64	83	68	86	86	65	H0
gene382	88	91	81	17	43	76	65	22	49	85	56	67	70	89	25	72	69	87	92	84	H0
gene383	80	56	43	47	74	61	54	36	57	63	61	44	69	28	94	48	39	78	69	48	H0
gene384	73	84	51	58	62	62	98	56	64	76	97	93	62	43	73	73	57	70	87	78	H0
gene385	110	70	86	76	70	95	95	84	68	85	46	35	58	91	109	77	72	66	73	96	H0
gene386	74	59	59	21	69	62	79	77	50	69	38	95	35	41	53	41	99	42	57	58	H0
gene387	31	86	52	62	82	85	73	98	56	57	25	56	43	67	14	41	61	41	39	26	H1
gene388	71	41	63	61	71	92	81	63	79	41	57	31	88	40	54	38	93	78	64	67	H0
gene389	58	58	65	57	47	95	51	39	37	12	40	20	53	66	31	67	62	34	54	99	H0
gene390	54	82	23	61	32	83	39	75	24	65	33	32	58	58	41	78	64	28	63	41	H0
gene391	67	102	58	81	104	61	92	75	112	62	70	76	76	99	65	62	61	78	67	68	H0
gene392	62	54	73	55	52	32	24	32	38	80	46	45	66	48	32	90	83	72	63	63	H0
gene393	73	51	83	60	75	55	57	40	63	58	79	81	47	53	36	89	56	35	68	66	H1
gene394	40	59	52	71	33	58	40	66	80	93	63	89	56	65	42	39	34	43	73	67	H0
gene395	64	68	82	57	48	41	77	96	60	95	36	85	81	83	57	78	69	68	24	94	H0
gene396	66	91	82	62	79	34	99	76	99	64	86	104	76	92	115	83	98	95	84	77	H0
gene397	56	81	72	81	65	56	45	34	69	50	57	74	70	44	89	46	84	79	66	56	H0
gene398	26	77	48	56	66	46	43	57	57	83	28	14	50	-1	48	64	61	63	96	29	H0
gene399	25	64	49	86	79	23	70	90	41	62	57	56	71	62	51	62	69	69	107	78	H0
gene400	95	35	78	82	79	49	83	66	9	77	68	87	61	75	77	108	44	94	50	19	H0
gene401	72	49	85	76	102	71	79	80	105	50	81	49	93	81	36	74	95	77	60	72	H0
gene402	78	36	44	35	64	62	18	47	40	59	36	60	33	40	48	89	65	69	67	57	H0
gene403	62	54	35	90	51	70	81	61	78	96	83	45	53	51	45	76	18	54	78	20	H0
gene404	105	42	72	61	30	47	43	55	58	-3	37	55	43	57	56	8	39	61	57	50	H0
gene405	99	70	61	63	61	10	104	83	44	58	77	54	44	46	69	68	76	40	50	74	H0
gene406	94	66	32	52	53	34	115	88	73	92	116	60	124	63	62	70	104	86	68	90	H0
gene407	55	83	66	82	106	92	97	42	80	118	64	70	78	81	56	91	52	43	72	69	H0
gene408	103	59	22	92	96	80	95	61	80	96	55	108	32	47	56	47	70	84	83	88	H0
gene409	71	77	76	54	74	40	70	73	44	83	41	85	84	67	86	78	117	71	68	62	H1
gene410	47	61	98	81	62	22	86	69	33	33	53	45	46	45	61	45	59	6	53	56	H0
gene411	71	52	47	55	71	45	31	62	57	56	18	60	45	61	59	36	27	54	88	77	H0
gene412	67	67	29	42	99	65	85	77	59	108	62	46	64	113	26	80	59	-5	38	101	H1
gene413	64	88	78	71	95	80	85	69	103	38	55	74	92	102	118	72	103	59	32	49	H0
gene414	58	59	89	59	71	56	72	71	53	81	55	65	43	48	51	56	52	28	52	81	H1
gene415	89	30	48	78	76	64	55	50	18	29	41	29	45	17	73	66	75	35	66	72	H0
gene416	82	63	75	72	67	24	68	57	84	115	87	58	83	78	93	70	77	73	67	80	H0
gene417	81	95	101	77	62	34	74	80	84	94	58	74	65	65	49	52	73	47	69	89	H0
gene418	52	67	39	66	87	48	30	23	124	49	67	74	59	81	46	59	63	62	85	59	H0
gene419	90	69	65	88	80	85	96	93	112	54	47	60	81	60	74	47	84	41	29	62	H1
gene420	34	98	89	93	65	69	56	74	91	97	82	62	64	57	77	33	40	36	58	77	H0
gene421	71	96	73	62	90	92	79	85	82	73	77	33	54	59	75	46	30	55	83	65	H1
gene422	62	54	87	85	98	60	71	66	73	39	43	65	77	67	81	73	54	8	89	60	H0
gene423	30	102	83	60	11	104	94	81	92	97	36	70	75	65	69	62	59	76	52	41	H0
gene424	62	87	72	96	77	63	74	65	61	66	100	82	65	73	98	63	59	80	39	56	H0
gene425	62	20	52	55	28	57	81	59	70	53	35	75	47	29	58	39	54	74	35	55	H0
gene426	42	67	68	40	60	53	77	55	56	54	55	58	52	55	45	74	40	62	45	35	H0
gene427	78	88	70	61	57	114	58	54	63	82	54	114	94	73	82	59	51	52	87	36	H0
gene428	27	17	35	87	44	55	76	52	50	54	56	67	42	42	44	90	82	63	66	53	H0
gene429	106	84	77	103	36	77	78	104	95	68	84	105	87	67	69	49	109	78	63	91	H0
gene430	57	86	46	34	58	89	86	90	65	48	71	66	62	51	83	31	59	65	16	55	H0
gene431	75	130	71	71	60	68	119	102	100	37	90	67	72	45	95	89	96	100	73	117	H0
gene432	45	29	34	51	54	64	63	34	103	71	27	37	45	57	43	60	72	27	56	53	H0
gene433	30	61	76	103	34	69	37	94	59	55	37	84	71	48	57	67	46	83	81	37	H0
gene434	80	82	69	80	60	76	69	84	59	68	46	76	108	80	81	47	64	76	57	61	H0
gene435	47	29	42	48	40	56	63	65	38	59	65	62	41	39	73	45	56	70	53	28	H0
gene436	37	45	36	74	60	55	32	81	65	63	99	74	83	50	18	42	75	40	25	33	H1
gene437	55	45	52	46	75	75	63	52	72	35	41	36	43	61	37	71	86	65	87	55	H0
gene438	4	61	54	50	62	26	74	45	67	19	77	55	62	41	52	2	55	63	30	54	H0
gene439	42	77	52	74	51	90	83	76	68	61	61	65	91	88	53	66	67	113	85	93	H0
gene440	94	66	13	61	73	57	46	84	75	84	95	41	55	60	84	68	85	21	31	60	H0
gene441	44	58	49	38	53	74	88	57	38	40	42	4	71	58	66	31	31	40	75	48	H0
gene442	83	75	25	56	89	72	87	39	27	68	21	70	73	69	40	97	91	43	76	74	H0
gene443	90	95	61	70	76	76	93	57	79	90	111	53	92	66	36	18	62	70	75	84	H0
gene444	26	28	24	62	74	74	74	45	50	63	56	48	81	35	78	71	46	76	56	20	H0
gene445	83	80	49	57	74	38	89	105	39	55	66	34	39	81	9	30	78	19	44	56	H0
gene446	57	40	26	44	67	11	46	33	62	64	43	56	50	52	55	26	46	83	35	59	H0
gene447	27	77	61	46	88	38	45	48	84	77	52	79	47	56	52	81	54	26	64	61	H0
gene448	80	37	70	42	60	46	30	60	47	31	32	81	55	116	80	78	29	96	29	78	H0
gene449	55	64	86	67	74	98	93	99	90	61	73	82	66	92	67	86	74	83	59	123	H0
gene450	78	53	75	46	26	26	61	33	53	38	55	88	56	13	13	24	76	54	48	61	H0
gene451	63	68	70	97	98	75	45	63	55	96	75	94	92	102	119	88	66	55	138	35	H0
gene452	86	73	72	18	63	65	55	61	90	84	81	108	78	107	80	96	69	72	80	79	H0
gene453	69	86	80	63	46	55	52	59	66	59	82	54	44	87	36	100	57	93	65	29	H0
gene454	65	75	51	81	67	62	57	23	55	69	75	81	65	67	46	87	32	49	75	61	H0
gene455	73	12	71	78	82	40	101	73	86	51	49	79	52	85	68	41	82	37	78	62	H0
gene456	80	109	82	25	76	73	121	67	81	55	105	83	110	112	83	42	113	46	49	87	H0
gene457	67	49	55	59	56	93	73	64	78	36	38	78	57	69	49	66	124	70	48	74	H0
gene458	50	-17	85	64	72	82	59	72	61	54	46	51	49	32	36	87	24	45	40	48	H0
gene459	78	25	61	36	33	50	43	52	43	59	39	65	38	75	71	48	76	64	75	71	H0
gene460	87	71	94	96	62	47	80	29	64	44	87	91	71	62	63	108	119	100	89	68	H0
gene461	34	62	46	46	43	40	81	50	52	37	10	111	67	69	95	51	86	28	50	73	H0
gene462	64	62	59	45	27	48	56	35	51	65	70	91	53	73	79	64	45	78	80	56	H1
gene463	36	50	75	68	43	32	64	63	64	57	79	53	45	59	60	85	64	90	22	66	H0
gene464	76	59	82	91	28	64	42	49	52	54	97	58	96	70	80	87	52	16	45	61	H0
gene465	37	48	76	106	83	84	92	106	75	93	82	90	63	88	76	87	52	101	127	39	H0
gene466	52	82	71	81	65	74	62	52	98	73	84	65	75	122	45	88	101	80	60	84	H0
gene467	94	74	104	72	77	63	96	106	83	70	77	63	43	93	63	48	98	69	96	105	H0
gene468	105	85	56	72	76	70	82	73	69	56	66	70	75	60	110	60	97	44	85	75	H1
gene469	70	70	78	68	44	30	56	51	74	65	64	106	39	27	66	51	66	86	76	78	H0
gene470	68	32	31	83	124	99	62	98	68	79	71	86	38	101	60	69	83	23	59	40	H0
gene471	27	61	52	76	47	81	27	51	76	74	56	37	47	45	65	46	54	30	74	63	H0
gene472	63	60	36	73	55	69	93	80	69	40	63	59	70	61	34	85	85	31	67	65	H0
gene473	42	24	89	52	70	29	54	68	70	35	52	92	41	88	61	48	29	49	49	71	H0
gene474	61	95	70	95	72	11	33	50	80	70	79	85	29	86	86	71	31	36	50	74	H0
gene475	87	99	91	115	109	70	60	134	39	80	107	91	29	90	95	91	111	84	74	73	H0
gene476	47	65	74	55	101	61	55	82	42	2	59	100	73	83	52	80	59	42	78	87	H1
gene477	16	20	14	16	30	74	75	48	42	55	51	48	73	66	62	30	53	44	62	85	H0
gene478	52	47	54	49	108	50	66	63	78	56	55	72	56	81	76	36	100	37	50	38	H0
gene479	53	13	59	57	81	55	60	87	86	47	72	94	86	67	86	67	90	27	33	70	H0
gene480	56	27	67	71	76	49	12	83	62	47	33	57	76	47	60	50	37	49	43	12	H0
gene481	70	50	32	59	96	109	57	79	75	64	65	51	96	96	97	113	56	86	52	57	H0
gene482	25	9	69	39	66	61	47	35	64	30	79	57	-2	67	73	73	17	40	66	-3	H0
gene483	48	75	70	70	50	49	48	39	77	49	35	44	35	29	57	12	80	81	53	62	H0
gene484	75	102	56	38	77	73	53	28	76	76	72	84	73	46	37	90	71	81	75	63	H0
gene485	39	66	49	50	63	72	61	95	52	73	59	84	97	61	49	84	79	64	54	61	H0
gene486	54	93	111	82	51	39	69	82	67	49	66	96	69	104	83	73	36	53	81	57	H0
gene487	61	72	76	77	47	6	70	56	57	52	40	35	53	70	53	94	54	40	59	37	H0
gene488	69	102	102	71	64	69	104	60	49	80	79	62	71	48	87	89	60	81	63	68	H0
gene489	37	37	52	64	33	48	14	20	27	14	79	49	44	54	34	62	18	79	46	34	H0
gene490	95	64	72	84	62	66	74	67	97	70	20	78	65	89	81	58	80	42	46	79	H0
gene491	-7	57	72	21	38	30	57	42	59	57	58	60	113	62	56	75	81	91	54	78	H1
gene492	36	35	75	67	44	97	73	72	78	66	94	64	71	67	93	70	79	52	52	81	H0
gene493	44	59	65	62	49	22	77	48	5	67	40	40	45	85	44	31	49	11	31	43	H1
gene494	89	112	77	75	51	67	94	69	95	69	61	86	74	84	61	98	55	43	79	56	H0
gene495	118	74	61	64	61	72	79	81	104	56	70	82	75	88	117	71	62	57	87	73	H0
gene496	106	71	49	91	31	64	58	33	65	84	96	59	87	32	79	49	40	85	78	58	H0
gene497	73	108	71	62	76	57	81	108	85	70	95	67	78	54	67	70	61	75	85	99	H0
gene498	51	55	33	56	43	47	53	51	33	64	96	77	51	17	87	76	63	54	53	57	H1
gene499	43	96	73	63	43	23	26	104	28	63	83	57	82	80	75	79	28	59	57	79	H0
gene500	97	97	52	78	87	70	48	84	63	95	57	53	68	72	72	111	106	75	92	103	H0
gene501	88	85	76	64	81	25	67	51	96	80	41	74	54	72	53	59	99	72	87	54	H0
gene502	127	97	103	44	69	54	61	77	67	70	73	56	49	71	48	62	73	76	111	66	H0
gene503	68	57	74	59	61	55	73	85	39	56	70	65	75	40	92	58	78	71	67	52	H0
gene504	24	58	69	48	48	52	71	74	53	48	67	67	4	59	44	28	39	42	91	103	H0
gene505	47	57	63	44	75	52	42	67	48	61	51	91	106	76	80	49	80	81	42	53	H0
gene506	23	53	43	66	43	34	31	22	48	59	72	89	20	15	51	38	38	54	22	55	H0
gene507	44	44	49	68	53	43	72	72	65	91	58	61	62	38	64	65	77	61	38	84	H0
gene508	70	111	94	61	68	80	103	87	51	90	104	82	68	76	112	89	88	80	62	79	H0
gene509	57	88	87	69	53	80	79	53	64	89	72	78	80	69	42	76	88	51	28	55	H0
gene510	64	46	54	44	29	75	56	43	69	32	36	60	43	57	65	36	93	35	94	57	H0
gene511	81	35	73	44	62	51	69	58	51	70	76	41	32	57	39	42	68	72	37	45	H1
gene512	93	76	74	105	79	83	48	38	86	110	74	68	102	89	89	65	90	54	55	75	H0
gene513	61	82	93	30	61	73	57	73	49	96	81	71	86	50	70	52	105	99	61	121	H0
gene514	52	84	78	71	45	77	89	49	59	39	49	53	51	37	80	11	56	77	52	22	H0
gene515	68	61	49	27	67	56	62	11	75	77	82	80	84	72	76	109	95	62	68	15	H1
gene516	65	45	35	70	50	78	5	24	38	98	101	44	57	71	46	81	62	104	61	75	H0
gene517	40	42	52	82	17	28	62	33	58	84	26	79	31	80	19	58	40	100	54	24	H0
gene518	44	64	34	78	33	54	94	75	70	87	76	51	65	36	61	77	59	64	77	49	H0
gene519	113	51	102	81	65	76	105	87	112	56	61	54	58	24	61	27	32	27	32	80	H1
gene520	54	72	51	50	55	45	35	58	39	52	94	64	64	35	52	52	84	88	63	77	H0
gene521	64	19	46	14	57	71	48	49	77	85	52	69	63	16	18	38	50	41	47	51	H0
gene522	97	105	81	20	61	91	66	117	99	107	40	67	72	84	107	65	83	44	70	113	H0
gene523	63	97	86	51	89	71	104	97	114	42	75	93	61	78	74	69	72	89	71	101	H0
gene524	87	71	74	95	84	87	70	100	105	103	63	54	108	97	100	85	50	73	81	63	H0
gene525	56	50	41	39	46	94	51	58	74	49	84	30	36	70	58	63	77	47	89	70	H0
gene526	74	91	78	50	26	49	74	56	61	42	29	78	51	57	90	31	42	14	66	40	H0
gene527	64	72	36	46	75	69	57	67	53	77	28	70	29	53	47	54	56	51	62	78	H1
gene528	95	101	111	86	59	87	67	80	110	93	80	82	98	76	80	92	61	77	68	97	H0
gene529	74	99	73	43	97	46	59	59	98	78	47	80	74	60	64	53	66	45	97	41	H0
gene530	65	59	70	90	62	55	108	87	55	93	61	103	55	71	106	78	54	77	73	98	H0
gene531	72	63	46	75	102	50	69	69	76	104	90	97	85	67	53	51	31	70	113	80	H0
gene532	52	44	63	49	43	40	46	35	82	48	42	63	87	68	60	106	44	75	48	54	H0
gene533	77	34	115	79	75	70	65	43	61	49	60	28	36	86	72	61	39	61	30	57	H0
gene534	86	68	67	17	68	110	28	57	61	76	55	64	68	58	16	57	79	74	53	61	H0
gene535	45	24	80	55	34	46	49	89	49	76	43	48	95	71	41	30	58	31	25	67	H0
gene536	39	71	72	80	71	35	75	60	34	62	68	47	62	62	53	40	69	93	73	53	H0
gene537	52	59	68	88	44	76	30	65	71	74	89	31	52	44	41	49	66	32	32	48	H0
gene538	76	124	121	51	80	69	139	64	108	134	72	75	116	99	73	101	56	33	90	73	H0
gene539	63	64	97	47	94	49	54	42	74	92	73	99	91	56	69	68	54	65	55	64	H0
gene540	24	67	59	34	41	51	78	41	32	84	56	68	57	58	67	52	40	45	32	83	H0
gene541	120	65	36	24	76	17	76	87	46	50	91	51	60	74	84	53	72	26	74	43	H0
gene542	88	71	88	71	73	61	98	62	63	87	31	80	86	82	65	78	115	57	58	50	H0
gene543	60	60	51	53	60	53	42	62	69	54	48	60	75	66	61	54	94	38	66	75	H0
gene544	55	83	105	82	73	70	66	50	58	84	88	48	74	95	52	24	70	46	65	56	H0
gene545	58	64	70	44	54	94	90	48	90	85	29	55	62	28	44	2	69	68	69	48	H0
gene546	64	73	85	102	74	47	75	64	80	39	84	66	79	75	36	73	48	63	75	75	H0
gene547	71	57	40	44	41	86	10	52	54	48	86	65	92	23	50	41	25	22	85	44	H0
gene548	43	86	63	44	33	22	61	56	61	71	65	38	72	50	46	69	35	43	82	43	H0
gene549	63	86	62	71	93	51	88	102	100	58	83	97	76	56	96	48	102	130	85	106	H0
gene550	108	100	76	106	66	75	68	56	54	130	70	76	90	69	84	101	53	33	111	87	H0
gene551	48	65	69	45	43	40	80	58	62	60	53	53	55	62	29	57	86	63	81	22	H0
gene552	67	63	62	73	47	49	57	43	58	83	67	35	55	18	83	127	64	9	65	72	H0
gene553	92	113	61	112	119	121	90	81	45	47	81	85	89	79	68	84	54	80	118	96	H0
gene554	82	54	30	20	64	86	72	29	51	94	69	89	74	75	61	32	38	47	71	84	H0
gene555	86	67	93	54	70	83	39	50	103	107	49	61	49	61	76	73	47	85	66	53	H1
gene556	96	71	111	95	85	87	29	84	45	85	94	64	63	91	81	78	83	57	57	52	H0
gene557	56	61	82	11	66	37	37	67	46	66	88	74	44	49	50	21	93	126	36	4	H0
gene558	23	70	94	72	64	46	88	74	47	42	74	71	106	37	76	67	87	70	73	63	H0
gene559	65	50	42	28	48	86	18	36	67	27	52	36	66	79	71	41	23	68	45	31	H0
gene560	61	49	32	54	70	67	64	65	31	72	44	60	47	47	33	72	36	48	53	66	H0
gene561	56	61	57	87	53	54	54	80	86	32	58	41	34	27	74	58	63	5	73	15	H0
gene562	82	52	45	62	119	96	68	106	19	67	73	66	63	47	30	74	65	94	32	72	H0
gene563	86	73	31	41	58	31	52	19	43	61	73	69	27	72	31	40	52	55	51	27	H0
gene564	91	79	84	53	54	71	88	74	121	44	50	103	63	125	86	81	49	59	61	75	H0
gene565	40	54	98	48	38	74	63	88	58	94	63	20	75	60	57	77	55	80	30	77	H1
gene566	29	42	123	76	64	95	68	81	85	55	48	84	62	68	75	84	57	69	65	85	H0
gene567	78	22	64	67	44	48	39	101	76	41	71	77	40	72	77	71	70	46	78	84	H0
gene568	96	69	52	61	86	92	81	74	88	106	63	64	100	45	82	50	94	57	68	64	H0
gene569	35	52	58	78	48	57	58	50	24	47	72	68	26	41	11	24	75	64	61	87	H1
gene570	75	45	55	42	61	58	82	45	63	13	62	11	63	38	34	52	73	72	61	43	H0
gene571	59	52	44	20	40	63	58	34	51	58	88	52	46	51	72	48	83	72	56	49	H0
gene572	102	57	61	72	60	37	51	88	98	90	46	48	61	73	77	102	83	83	77	76	H0
gene573	86	72	69	4	63	111	98	53	91	68	128	81	28	68	98	102	58	59	92	61	H0
gene574	54	45	65	32	36	75	71	74	23	62	15	18	42	55	74	69	53	38	47	48	H0
gene575	65	34	77	64	69	76	47	73	58	111	53	112	87	63	27	44	96	51	60	44	H0
gene576	46	36	42	56	48	47	52	78	56	33	62	34	35	70	42	37	21	49	1	41	H0
gene577	35	93	35	63	83	95	62	82	85	57	83	77	50	65	62	70	69	67	64	56	H0
gene578	79	19	82	63	95	57	32	79	13	68	86	47	53	5	38	50	53	52	71	41	H0
gene579	30	82	100	84	78	96	93	103	58	75	51	70	93	47	68	99	102	117	109	107	H0
gene580	53	52	28	77	40	69	58	61	19	48	22	85	77	47	79	73	78	90	49	22	H0
gene581	61	69	48	73	82	68	118	79	89	73	44	32	45	71	26	58	54	36	73	32	H0
gene582	54	37	21	38	13	54	32	44	38	51	42	36	80	27	14	22	74	76	54	62	H0
gene583	84	39	71	63	55	61	56	79	63	37	55	81	66	53	83	86	73	74	47	75	H0
gene584	74	45	37	59	62	49	27	69	32	70	28	62	46	31	79	70	62	26	33	78	H0
gene585	54	49	101	72	90	57	82	56	90	82	67	54	97	96	65	109	55	116	89	138	H0
gene586	62	45	93	38	81	88	51	93	64	69	42	75	64	65	54	68	51	74	81	65	H0
gene587	52	85	63	41	80	67	86	79	45	58	63	74	69	68	98	81	49	58	68	98	H0
gene588	35	100	55	90	95	56	72	59	30	94	84	84	116	50	79	99	76	35	40	69	H0
gene589	74	90	51	71	59	33	60	68	19	82	67	43	64	52	52	75	56	79	76	110	H1
gene590	61	84	52	52	82	57	47	34	49	68	36	58	61	40	68	56	34	65	73	48	H0
gene591	135	95	53	70	42	86	124	108	86	40	37	119	90	92	56	83	116	61	74	65	H0
gene592	63	48	45	43	11	45	59	54	68	82	89	62	57	67	81	63	60	44	53	77	H0
gene593	66	99	77	58	40	101	52	61	57	47	49	49	84	99	102	56	67	37	81	79	H0
gene594	98	53	54	67	68	64	82	103	41	58	56	90	69	56	29	85	28	84	26	54	H0
gene595	100	76	71	71	44	76	32	72	121	129	86	87	79	69	79	65	109	65	84	84	H0
gene596	96	87	61	117	74	57	91	75	66	67	52	54	71	39	54	34	63	55	84	53	H0
gene597	66	40	100	81	73	76	69	56	43	49	85	57	58	62	80	88	104	53	42	86	H0
gene598	9	76	94	90	45	46	100	79	39	47	82	75	79	38	48	78	51	50	51	53	H0
gene599	42	27	59	79	49	48	52	58	47	97	39	55	57	17	53	63	67	53	91	37	H0
gene600	90	71	76	78	102	41	78	87	89	94	102	84	86	51	85	81	74	84	48	82	H0
gene601	72	70	78	44	45	58	74	80	47	78	94	53	20	48	86	28	56	60	34	60	H0
gene602	86	46	32	86	97	52	53	44	35	75	71	20	65	64	69	105	56	67	41	13	H0
gene603	108	76	103	63	88	60	82	71	79	52	130	78	89	90	63	48	72	103	101	104	H0
gene604	64	64	76	92	84	40	99	63	51	50	51	48	94	96	95	50	77	92	78	77	H0
gene605	125	57	93	94	96	64	73	63	86	93	88	83	85	120	65	45	103	107	58	60	H0
gene606	62	20	81	72	39	78	44	34	55	75	67	15	51	63	59	16	27	45	30	80	H0
gene607	97	81	95	60	59	63	51	57	83	68	98	89	119	95	125	88	54	29	68	81	H0
gene608	56	109	104	85	65	61	52	109	77	59	35	58	81	63	61	14	77	63	64	104	H0
gene609	56	80	43	80	55	64	37	40	29	38	60	58	99	53	64	14	37	47	28	71	H0
gene610	80	62	64	72	56	102	80	98	42	50	28	54	98	63	74	56	81	64	71	93	H0
gene611	59	91	68	67	43	45	121	69	86	51	59	87	57	47	45	43	72	84	90	65	H0
gene612	43	59	51	81	78	54	42	32	76	97	55	107	85	98	50	49	118	59	86	87	H1
gene613	42	35	67	21	104	50	67	65	51	83	48	24	37	25	78	89	59	62	28	26	H0
gene614	91	44	36	49	78	52	69	80	48	77	49	70	101	70	76	49	18	60	68	39	H0
gene615	20	53	10	50	37	59	49	21	32	60	42	66	86	47	74	43	97	46	11	17	H0
gene616	68	89	62	51	28	35	65	80	93	79	52	72	66	86	77	49	74	36	120	46	H0
gene617	53	94	66	58	76	100	72	87	70	102	83	102	59	79	47	94	86	74	90	108	H0
gene618	63	56	86	74	102	76	64	62	51	55	87	80	89	59	72	71	102	54	62	80	H0
gene619	75	99	59	39	79	74	45	45	68	81	101	87	49	80	62	61	91	64	69	78	H0
gene620	29	67	37	54	33	32	47	21	41	38	50	94	62	39	46	66	55	34	59	59	H0
gene621	69	56	86	56	56	59	65	57	69	62	73	75	121	83	60	40	63	56	78	62	H1
gene622	83	66	55	47	48	62	52	84	99	97	59	84	34	65	68	81	80	58	34	92	H0
gene623	98	44	107	82	113	94	33	72	84	111	102	80	63	94	91	80	91	78	74	93	H0
gene624	57	11	58	66	62	49	64	62	93	82	36	39	29	61	26	69	68	51	39	40	H0
gene625	80	55	71	65	86	80	92	50	101	28	79	53	82	73	49	61	81	98	77	102	H0
gene626	53	48	24	55	77	37	90	64	64	69	71	15	24	74	54	31	72	97	39	45	H0
gene627	66	65	107	58	104	73	70	89	62	94	48	118	101	86	90	57	51	100	91	69	H0
gene628	73	78	76	97	101	80	49	48	37	78	56	68	109	62	113	84	97	49	90	98	H0
gene629	53	23	67	35	71	90	65	23	59	72	89	86	125	96	52	80	83	102	77	91	H0
gene630	65	87	58	75	34	56	88	68	34	52	46	89	69	67	38	62	64	64	100	28	H0
gene631	61	61	-4	25	25	40	56	67	78	58	30	45	26	71	77	33	10	45	27	39	H0
gene632	59	19	92	28	77	66	40	52	72	28	50	45	48	98	75	66	86	67	34	21	H0
gene633	72	84	55	28	31	55	67	80	56	24	83	73	62	62	68	68	48	61	78	58	H0
gene634	52	82	69	68	80	72	69	35	39	55	44	118	97	38	67	71	88	52	80	57	H0
gene635	54	96	101	89	83	88	77	56	53	75	34	24	65	80	69	41	64	84	53	86	H0
gene636	83	55	101	60	69	57	57	35	82	15	84	36	70	41	78	77	58	42	74	70	H0
gene637	74	34	62	91	20	79	60	80	79	43	54	74	61	18	52	56	87	42	82	45	H0
gene638	55	21	43	88	72	51	49	82	46	48	51	77	92	61	68	35	63	54	50	47	H0
gene639	64	36	34	60	21	73	66	66	67	58	49	43	58	58	67	88	35	43	47	34	H0
gene640	92	38	62	80	91	89	101	115	61	103	77	108	52	86	39	115	44	57	57	88	H0
gene641	71	-2	60	28	17	57	48	43	81	49	63	83	72	54	65	57	61	81	87	44	H0
gene642	51	60	-2	50	74	67	53	39	6	55	53	36	71	58	54	78	82	43	56	67	H0
gene643	77	120	70	89	91	65	92	50	94	99	58	95	74	87	55	106	71	69	100	77	H0
gene644	65	48	52	47	48	56	88	73	72	60	50	65	68	86	20	58	110	68	70	61	H0
gene645	66	58	59	75	75	69	92	66	59	28	87	48	79	65	71	78	73	90	112	76	H0
gene646	14	60	68	71	70	51	22	49	47	48	47	30	35	55	66	21	54	43	47	21	H0
gene647	69	41	66	49	53	96	49	32	75	88	53	48	56	22	68	77	42	38	64	61	H0
gene648	59	49	58	52	15	91	61	79	52	75	29	43	50	55	81	64	50	68	37	31	H0
gene649	55	49	38	54	28	30	68	76	50	61	75	59	66	88	98	40	37	55	53	58	H0
gene650	91	118	62	62	95	64	90	92	79	47	86	115	70	105	64	95	58	69	104	99	H0
gene651	85	49	73	83	71	78	102	65	68	68	71	31	63	90	49	80	83	76	44	62	H0
gene652	60	109	27	59	66	62	53	55	18	72	20	77	46	97	40	44	20	56	37	68	H1
gene653	79	44	81	88	99	80	101	75	91	41	44	98	86	50	60	78	78	107	58	71	H0
gene654	63	72	68	47	49	41	34	41	44	35	49	2	55	66	31	57	73	50	60	65	H0
gene655	101	117	86	82	134	87	103	34	82	67	94	75	98	38	75	47	35	69	106	48	H0
gene656	47	86	103	58	125	65	73	78	89	32	70	84	56	85	112	88	80	48	93	82	H0
gene657	84	38	47	44	78	21	60	28	28	38	51	35	19	89	29	62	41	67	44	31	H1
gene658	48	68	58	54	57	57	47	34	45	22	44	75	61	80	77	93	86	50	99	47	H1
gene659	63	63	36	42	81	87	72	61	58	60	90	33	65	42	57	53	33	50	86	97	H0
gene660	59	73	69	53	82	59	48	45	57	34	56	73	83	47	57	66	44	48	64	23	H0
gene661	53	77	121	43	71	66	47	56	45	61	48	79	83	44	72	38	53	21	92	65	H0
gene662	41	40	52	77	38	21	62	24	65	76	35	50	14	70	52	54	31	53	64	85	H0
gene663	103	46	57	91	90	119	79	61	72	78	68	65	64	91	80	95	87	87	58	93	H0
gene664	30	45	59	31	19	44	25	49	84	41	67	88	45	83	53	56	75	57	58	51	H0
gene665	60	40	47	47	11	27	55	57	37	42	25	48	24	45	52	45	37	73	60	72	H0
gene666	1	47	42	28	46	95	97	80	48	34	91	68	39	45	46	26	90	30	52	62	H0
gene667	62	99	132	73	31	45	79	95	87	88	76	93	67	102	89	78	86	89	95	80	H0
gene668	34	65	46	40	46	68	66	56	39	65	80	72	44	75	96	61	97	67	75	70	H1
gene669	20	41	77	3	64	80	38	16	31	41	43	50	67	32	47	56	37	37	60	65	H0
gene670	71	93	34	119	86	104	97	109	103	115	28	113	75	66	81	80	55	77	90	115	H0
gene671	106	69	42	43	46	42	56	61	59	15	97	55	48	52	81	40	54	44	53	83	H0
gene672	59	75	69	63	66	65	59	45	33	56	75	85	66	77	59	24	79	83	102	80	H0
gene673	72	85	57	54	107	44	67	40	63	62	75	93	30	77	34	75	67	78	30	66	H0
gene674	68	96	81	97	86	82	65	65	85	87	49	59	49	93	60	87	56	60	50	59	H1
gene675	41	31	66	48	52	72	67	58	55	60	16	54	33	67	39	41	72	35	59	67	H0
gene676	42	52	67	66	79	42	19	37	54	53	69	83	67	53	60	44	59	53	76	73	H0
gene677	80	31	30	39	63	31	64	48	47	67	21	22	92	70	62	98	48	51	50	63	H0
gene678	79	57	70	81	63	96	83	102	68	69	43	93	51	94	80	88	64	84	66	82	H0
gene679	88	92	85	84	126	43	59	107	73	107	42	66	89	64	53	87	98	62	77	83	H0
gene680	79	82	59	86	39	58	57	83	57	101	82	102	102	105	94	99	76	60	73	41	H0
gene681	52	47	85	71	51	85	49	60	83	87	85	88	83	70	95	49	67	64	108	113	H0
gene682	20	50	14	43	54	59	48	64	79	81	60	67	65	54	75	83	63	33	70	50	H0
gene683	61	71	50	43	63	41	55	63	49	68	108	52	82	71	93	68	84	86	103	48	H1
gene684	48	99	18	44	11	67	42	58	44	25	70	19	60	50	47	38	56	56	38	86	H0
gene685	73	94	54	55	53	62	69	71	80	83	87	36	66	73	84	85	74	66	38	57	H0
gene686	82	94	63	69	80	78	48	90	62	62	83	75	73	63	112	22	92	61	88	91	H0
gene687	52	51	67	60	37	78	86	92	41	68	62	73	52	30	81	21	32	113	106	89	H1
gene688	67	88	72	78	67	71	65	70	94	63	68	73	69	110	107	65	52	65	86	80	H1
gene689	30	59	78	89	100	68	60	75	88	79	52	69	63	27	66	77	69	44	51	85	H1
gene690	57	65	65	63	46	46	26	68	46	57	84	74	46	72	82	46	46	46	66	32	H0
gene691	82	69	62	44	44	53	47	73	51	43	95	85	44	64	11	103	83	53	67	52	H0
gene692	68	26	71	93	38	71	51	52	76	61	55	92	54	80	71	63	91	101	71	49	H0
gene693	78	68	110	57	52	57	60	64	36	63	46	48	42	84	73	15	63	36	40	88	H0
gene694	30	74	63	58	60	48	91	58	66	79	61	36	42	52	36	85	51	67	73	84	H0
gene695	94	95	74	78	62	96	58	60	84	75	55	62	79	68	91	37	80	63	78	72	H0
gene696	36	43	31	41	78	76	53	23	62	52	50	30	67	71	51	59	43	42	15	40	H0
gene697	34	15	63	82	33	72	36	82	54	53	39	37	45	58	47	45	47	68	77	50	H0
gene698	104	60	75	70	78	55	34	50	48	95	75	89	113	54	74	70	68	63	85	75	H0
gene699	56	77	75	41	57	64	40	34	35	49	28	79	66	53	31	67	28	46	44	49	H0
gene700	79	106	103	87	78	51	96	67	66	73	88	65	78	79	64	56	35	98	74	58	H0
gene701	60	81	60	52	53	70	75	63	93	82	78	89	36	95	78	61	68	79	92	87	H0
gene702	56	65	104	54	34	64	67	42	79	56	91	42	63	87	49	73	62	73	69	58	H0
gene703	18	50	47	41	62	67	68	57	71	68	86	81	42	67	78	36	46	65	82	49	H0
gene704	57	79	34	41	71	59	32	33	69	70	41	30	65	22	-12	34	56	48	50	43	H0
gene705	103	79	60	79	85	89	86	32	62	86	116	75	107	88	72	84	87	100	90	84	H0
gene706	85	101	94	92	44	64	99	88	108	85	73	67	84	54	62	92	86	116	66	84	H0
gene707	46	71	39	68	46	49	36	45	64	56	80	62	90	41	43	42	35	40	42	59	H0
gene708	68	84	49	32	68	48	24	43	62	58	70	63	53	48	95	27	63	92	79	44	H0
gene709	55	23	56	79	19	38	66	58	34	49	50	21	71	53	62	43	69	12	46	60	H0
gene710	75	47	88	86	84	56	71	124	76	83	42	68	79	100	83	52	69	96	105	67	H0
gene711	76	84	73	61	88	119	97	65	73	133	81	74	77	72	96	70	118	66	80	55	H0
gene712	86	112	132	80	134	93	46	69	75	84	55	77	75	90	128	55	110	79	68	75	H0
gene713	49	91	50	66	67	75	121	87	92	32	44	72	69	73	53	78	6	98	55	96	H0
gene714	41	31	50	34	34	45	44	34	81	16	36	5	15	51	55	27	57	53	36	23	H0
gene715	37	93	81	85	82	11	72	68	104	70	50	49	22	61	92	106	60	53	79	57	H0
gene716	76	53	73	77	93	102	78	87	83	75	54	143	95	80	86	103	76	67	75	90	H0
gene717	84	76	68	80	80	48	64	46	62	104	70	50	61	89	49	53	65	55	49	72	H0
gene718	100	65	43	96	50	35	65	66	81	63	80	54	38	111	98	70	108	53	85	41	H0
gene719	48	53	93	77	82	70	74	85	71	76	87	98	89	58	69	101	56	36	73	79	H0
gene720	110	65	44	91	94	92	70	74	78	93	56	58	39	86	81	59	79	92	67	81	H0
gene721	70	70	90	88	53	48	51	54	64	89	73	59	109	85	79	107	52	83	88	46	H0
gene722	65	1	35	30	30	56	106	77	19	54	73	55	67	31	15	55	18	44	87	23	H0
gene723	62	67	67	72	21	75	42	16	107	112	43	79	99	47	90	58	36	66	98	92	H0
gene724	47	57	61	71	96	57	80	56	60	82	71	106	82	61	65	66	111	69	60	81	H0
gene725	69	57	54	105	67	55	54	39	74	65	50	58	53	55	84	30	38	60	57	51	H0
gene726	88	69	95	67	85	61	74	88	55	79	94	96	106	102	85	86	50	89	82	116	H0
gene727	98	79	94	64	49	89	101	82	64	55	76	53	65	73	32	60	17	79	71	33	H1
gene728	28	48	65	73	66	114	95	73	81	77	75	64	95	42	123	41	74	89	53	59	H0
gene729	58	112	93	75	65	61	55	52	84	84	50	62	39	63	32	86	96	67	90	55	H0
gene730	93	64	109	91	70	67	105	77	115	74	75	76	80	96	91	64	58	143	104	81	H0
gene731	79	78	32	49	33	75	32	66	33	49	61	78	46	74	46	92	18	52	19	62	H0
gene732	75	71	76	55	93	77	34	64	72	64	89	79	60	29	63	43	62	74	107	77	H0
gene733	78	76	84	107	84	48	75	85	54	102	68	100	111	83	83	51	54	65	53	105	H0
gene734	42	42	76	70	65	73	67	57	63	82	55	77	54	83	57	64	52	103	64	76	H0
gene735	53	57	94	39	76	36	59	48	71	81	68	60	40	70	38	71	45	48	58	62	H0
gene736	18	77	67	33	38	87	61	52	61	83	27	51	59	67	5	74	46	81	68	83	H0
gene737	75	95	53	62	40	80	31	54	69	83	95	79	92	62	75	75	71	75	73	60	H1
gene738	48	83	64	68	52	65	109	41	48	50	45	49	54	38	54	48	71	53	61	52	H0
gene739	74	60	74	62	55	73	93	53	41	118	74	77	98	110	63	69	90	58	93	68	H0
gene740	40	87	47	84	58	74	91	93	96	92	59	85	83	113	29	54	99	70	80	72	H0
gene741	103	111	71	46	43	91	124	74	48	64	92	86	65	78	86	53	77	67	86	87	H0
gene742	83	75	43	125	105	59	41	71	67	66	54	77	82	62	82	53	74	71	43	70	H0
gene743	36	85	61	47	33	57	81	52	59	41	72	34	73	74	20	77	57	48	56	69	H0
gene744	42	58	63	86	43	72	51	81	66	64	59	55	81	50	77	70	51	53	57	78	H0
gene745	92	83	57	69	48	67	55	48	91	55	96	76	66	82	103	69	81	48	88	108	H0
gene746	36	45	56	74	31	41	56	58	82	77	67	53	81	31	36	69	54	108	61	95	H0
gene747	96	65	89	18	37	42	72	74	58	89	50	59	40	85	86	52	68	87	56	73	H0
gene748	55	89	72	58	79	65	70	81	64	56	105	59	64	42	51	71	57	83	75	71	H0
gene749	85	58	46	72	63	66	74	51	56	47	70	44	61	64	65	90	75	89	48	79	H0
gene750	69	72	65	91	101	59	88	52	61	76	56	97	37	85	84	60	32	77	102	53	H0
gene751	69	33	57	98	119	56	108	103	94	74	78	107	65	43	119	94	77	85	133	81	H0
gene752	108	51	93	62	77	100	57	107	101	62	82	114	53	124	93	114	120	74	65	102	H0
gene753	77	35	66	38	50	43	57	87	54	7	51	41	60	80	45	78	96	61	45	51	H0
gene754	69	80	88	78	60	61	54	96	39	50	89	74	84	76	72	83	98	48	97	120	H0
gene755	77	101	99	135	71	72	137	60	84	81	51	90	70	66	71	99	92	65	61	85	H0
gene756	65	24	28	55	45	84	43	58	61	55	39	56	63	23	55	42	44	26	85	63	H0
gene757	56	85	108	80	94	64	74	65	79	87	37	84	114	78	96	66	72	96	57	78	H1
gene758	70	58	63	59	74	70	43	89	44	66	75	30	74	54	76	58	71	89	75	78	H0
gene759	62	66	59	76	56	92	77	61	97	96	75	39	105	77	41	34	79	74	54	56	H0
gene760	57	90	82	36	74	40	51	53	86	88	106	37	78	45	84	82	49	53	64	68	H0
gene761	42	68	46	57	60	61	52	59	55	80	65	57	37	61	91	46	73	59	69	13	H0
gene762	57	55	78	84	55	67	59	91	92	59	76	84	33	79	82	70	100	94	88	70	H0
gene763	78	75	109	26	73	77	79	90	78	60	87	79	100	81	81	35	99	81	90	115	H0
gene764	50	79	50	28	57	23	52	55	52	38	48	31	77	67	63	46	74	41	63	74	H1
gene765	91	27	92	11	45	43	56	60	60	42	66	68	73	20	62	66	12	45	43	37	H0
gene766	109	114	53	73	60	37	63	84	113	59	77	60	73	79	92	54	66	111	74	43	H0
gene767	56	72	123	96	53	79	60	60	74	107	75	69	45	80	106	69	93	66	91	111	H0
gene768	45	25	67	19	26	24	71	39	71	48	83	58	45	26	35	86	18	75	59	75	H0
gene769	51	30	85	63	60	56	11	41	66	57	73	44	25	69	21	63	26	60	41	69	H0
gene770	44	69	31	56	11	56	45	45	62	34	27	77	43	73	19	37	59	74	76	47	H0
gene771	64	2	61	65	69	50	13	17	46	66	54	82	53	63	59	39	46	53	27	58	H1
gene772	84	61	67	45	78	50	88	65	68	57	47	92	76	76	91	96	66	82	84	61	H0
gene773	12	57	75	62	90	42	63	83	76	58	69	54	48	96	76	70	59	53	62	92	H0
gene774	65	70	53	98	90	83	69	62	62	50	36	103	20	103	74	65	118	87	42	69	H0
gene775	87	72	93	39	63	76	39	57	69	75	26	48	53	63	73	47	84	49	68	65	H0
gene776	96	66	83	78	118	87	71	108	57	92	84	65	65	73	95	72	57	78	100	72	H0
gene777	48	58	96	59	29	36	14	74	88	107	73	68	74	67	87	66	91	68	113	80	H1
gene778	79	31	97	70	76	74	85	70	101	45	69	71	27	71	49	46	42	63	41	57	H0
gene779	80	53	78	70	83	44	84	78	65	98	60	91	76	56	95	66	98	93	49	69	H0
gene780	103	99	57	54	54	103	95	72	101	67	59	128	78	77	74	90	111	82	50	51	H0
gene781	40	65	77	33	74	89	94	70	75	83	37	31	52	78	55	67	71	67	81	53	H0
gene782	102	64	100	82	59	89	76	62	53	63	56	85	58	78	66	61	68	86	76	93	H0
gene783	70	102	88	123	73	83	64	104	44	107	59	76	104	63	95	64	84	114	100	144	H0
gene784	95	39	47	76	92	78	60	52	51	88	30	41	41	50	71	67	64	24	42	67	H0
gene785	63	68	19	74	62	96	42	68	92	76	59	55	75	58	47	45	50	62	57	77	H0
gene786	26	65	73	71	44	44	67	52	69	69	61	86	62	66	76	37	75	57	95	34	H0
gene787	22	48	57	73	45	68	45	40	43	35	84	84	75	49	55	43	53	10	28	52	H0
gene788	48	55	52	68	75	18	19	33	49	45	70	35	41	41	47	32	35	16	52	29	H0
gene789	92	60	65	60	66	77	59	81	63	48	54	85	48	85	71	83	52	46	73	17	H0
gene790	59	105	76	39	44	81	108	70	83	56	63	78	53	83	40	57	66	91	82	91	H0
gene791	45	62	75	52	71	78	88	61	53	28	64	70	50	48	56	55	57	54	43	58	H0
gene792	31	47	34	39	53	74	62	73	69	52	77	62	83	50	80	81	44	67	45	42	H0
gene793	94	77	79	58	41	50	67	79	78	53	47	73	19	83	29	37	91	41	35	29	H1
gene794	39	70	87	79	82	66	65	49	58	44	80	46	83	77	96	59	47	107	51	57	H0
gene795	56	97	88	70	87	114	73	86	71	62	97	82	81	93	94	98	112	76	73	71	H0
gene796	62	50	49	69	7	45	63	51	74	53	58	30	31	77	35	64	22	56	51	81	H0
gene797	74	68	77	30	48	70	31	62	47	70	30	80	40	87	65	67	22	45	90	41	H0
gene798	36	16	62	25	53	87	64	64	70	75	6	12	69	74	-1	66	40	45	36	43	H0
gene799	52	77	79	71	39	61	45	99	70	63	40	28	57	33	50	85	63	24	43	46	H0
gene800	72	110	69	54	39	91	73	69	39	86	30	75	67	38	53	69	43	64	38	67	H0
gene801	64	20	36	28	45	51	50	70	68	36	46	70	36	42	46	59	81	70	59	48	H0
gene802	70	62	103	54	106	78	90	78	51	68	41	62	68	94	49	78	67	77	78	80	H0
gene803	97	105	67	92	67	62	55	41	61	106	30	63	64	75	47	110	86	72	92	54	H0
gene804	8	69	36	76	72	37	57	64	61	44	81	46	37	83	17	60	87	82	71	46	H0
gene805	85	51	38	44	48	68	76	71	31	70	98	64	88	58	72	51	50	63	53	76	H0
gene806	108	71	78	47	77	107	89	58	106	38	50	46	76	69	63	105	92	117	76	74	H0
gene807	86	53	37	71	60	44	40	59	26	45	56	107	50	95	107	59	82	78	74	93	H1
gene808	56	46	60	54	48	41	66	66	22	41	66	82	61	60	47	89	30	42	63	50	H0
gene809	57	52	67	98	39	92	50	73	31	37	55	50	42	79	70	46	71	68	35	65	H0
gene810	52	70	99	64	84	76	99	78	62	33	69	69	73	86	117	97	86	76	99	72	H0
gene811	50	74	37	54	81	66	51	18	57	53	79	51	83	49	53	48	22	38	63	36	H0
gene812	72	45	51	9	68	47	85	71	55	66	78	36	79	52	78	60	29	45	100	78	H0
gene813	62	72	33	58	43	79	57	61	47	40	77	45	66	96	34	55	78	69	43	83	H0
gene814	90	100	40	92	47	49	43	53	56	55	81	73	85	82	83	103	24	62	55	72	H0
gene815	35	54	76	46	49	10	50	54	38	85	46	52	71	31	50	52	65	31	57	46	H0
gene816	59	30	26	55	79	45	-9	72	61	44	61	46	54	54	78	31	-9	54	49	57	H0
gene817	97	65	57	98	82	83	84	95	113	89	61	21	69	82	72	69	75	54	68	76	H0
gene818	57	59	59	58	75	31	14	52	82	29	53	35	48	23	41	83	82	68	52	31	H0
gene819	37	36	77	115	111	44	79	73	87	93	119	106	58	77	97	79	105	61	81	106	H1
gene820	73	93	67	38	56	76	89	116	59	89	84	100	109	50	65	56	74	92	84	80	H0
gene821	57	50	82	111	82	40	56	59	49	94	58	92	59	32	72	62	26	71	48	84	H0
gene822	63	58	63	71	60	47	37	65	50	51	54	64	31	51	72	65	35	39	69	52	H1
gene823	67	49	36	38	72	26	31	49	79	72	1	51	52	20	63	51	44	23	53	26	H0
gene824	38	98	89	73	87	53	62	53	96	75	53	25	82	75	88	69	57	48	70	97	H0
gene825	47	57	117	63	101	76	50	81	42	105	58	114	48	46	84	65	93	43	79	82	H1
gene826	38	85	18	75	75	74	24	85	35	52	80	58	52	60	48	63	68	68	48	63	H1
gene827	82	58	71	29	61	95	95	67	96	87	79	102	54	48	51	67	57	57	77	73	H0
gene828	80	42	51	41	29	17	64	65	52	43	49	58	46	47	44	83	32	56	32	52	H0
gene829	75	55	71	83	40	86	45	73	82	49	79	52	75	114	117	48	73	69	53	42	H0
gene830	63	56	74	67	75	49	60	61	50	83	38	41	56	11	70	52	37	37	49	64	H0
gene831	57	34	82	85	62	38	66	89	40	59	86	81	60	116	87	88	69	83	87	52	H0
gene832	103	69	54	34	83	57	41	18	63	63	85	78	60	43	59	100	59	38	65	54	H0
gene833	69	50	52	39	29	22	57	97	67	47	48	64	48	52	52	23	52	70	66	48	H0
gene834	51	64	86	47	57	26	36	65	13	23	24	39	69	41	44	75	39	59	41	67	H1
gene835	13	28	5	39	59	27	44	53	38	21	57	40	55	53	47	47	31	91	71	78	H0
gene836	33	65	80	101	91	72	69	62	26	62	98	81	97	81	48	45	19	76	110	42	H0
gene837	57	75	47	37	71	56	73	9	43	46	62	34	56	50	55	44	39	19	34	79	H0
gene838	64	83	47	71	108	22	67	58	53	87	108	102	83	41	70	58	46	64	82	66	H0
gene839	61	24	65	23	50	47	54	68	53	41	81	78	27	50	105	60	72	43	41	55	H0
gene840	68	67	66	48	87	64	97	56	63	55	70	80	103	82	84	56	39	83	74	105	H0
gene841	93	91	103	54	56	81	61	115	89	55	67	65	26	85	98	67	77	91	94	65	H0
gene842	29	56	74	85	67	85	90	75	73	45	83	75	54	70	59	78	66	58	81	70	H0
gene843	39	68	68	87	78	74	75	7	73	50	82	60	79	79	66	74	46	84	67	39	H0
gene844	71	10	45	75	76	72	82	91	81	66	44	75	56	97	53	34	35	49	37	97	H0
gene845	46	40	62	54	51	75	51	101	26	10	58	39	57	91	38	38	56	77	43	46	H0
gene846	68	45	53	39	60	60	54	56	24	77	70	38	53	48	80	61	21	30	70	36	H0
gene847	102	83	76	74	60	105	76	124	73	53	97	88	82	41	78	86	76	72	83	82	H0
gene848	94	97	75	89	66	61	84	105	108	71	43	99	98	43	53	137	49	90	101	77	H0
gene849	94	95	43	72	101	90	53	60	87	84	76	126	80	104	70	71	109	74	76	83	H0
gene850	28	47	53	50	54	74	43	44	40	61	58	64	45	41	80	57	61	77	76	12	H0
gene851	77	5	52	37	59	78	22	21	64	93	14	42	21	20	44	56	46	21	50	52	H0
gene852	77	58	68	106	106	84	31	25	69	91	49	71	62	94	91	98	94	80	49	34	H0
gene853	44	83	43	22	55	59	49	57	87	71	57	35	55	55	82	52	75	62	54	79	H1
gene854	77	38	30	48	69	21	49	29	53	17	37	41	63	73	72	32	49	66	0	48	H0
gene855	99	77	60	71	63	52	56	71	36	39	83	78	64	96	78	73	84	79	67	68	H0
gene856	115	77	51	40	85	83	83	88	73	46	67	31	75	56	85	67	104	98	65	78	H0
gene857	105	89	95	117	68	84	79	89	66	38	62	91	64	78	58	95	47	65	77	113	H0
gene858	62	35	56	55	73	48	49	65	63	54	74	47	65	41	36	74	65	46	50	73	H0
gene859	50	67	40	95	74	90	83	74	91	73	84	47	105	76	67	36	71	59	54	82	H0
gene860	18	54	46	48	53	8	21	42	51	16	70	66	31	77	126	99	82	60	60	77	H1
gene861	52	63	71	72	82	77	65	84	60	70	80	80	63	70	67	45	33	35	43	73	H0
gene862	56	88	39	73	69	92	66	101	9	50	80	27	61	75	60	98	106	72	35	79	H0
gene863	55	65	60	62	61	96	49	64	41	45	87	93	45	21	43	80	69	65	28	51	H0
gene864	82	77	65	68	60	27	119	90	56	73	65	64	96	63	65	74	75	104	63	95	H0
gene865	57	74	95	54	55	54	69	64	83	55	47	53	65	80	75	59	66	52	42	-26	H0
gene866	69	60	26	70	86	74	76	20	57	40	49	83	60	55	61	25	46	75	36	55	H0
gene867	95	53	107	87	77	81	87	85	66	29	73	95	87	80	84	107	64	63	47	80	H0
gene868	36	91	101	71	113	51	56	61	69	52	99	106	57	68	46	62	48	61	73	99	H0
gene869	89	93	88	100	64	76	54	75	59	113	44	70	77	97	107	98	62	65	48	80	H0
gene870	74	58	72	91	84	69	62	104	79	52	27	70	56	91	88	97	127	68	80	101	H0
gene871	69	59	54	71	62	70	65	73	86	51	47	99	51	40	46	69	78	95	45	77	H0
gene872	31	18	34	52	24	47	24	79	58	91	54	57	59	73	68	75	63	42	67	59	H0
gene873	36	43	44	68	60	58	51	36	100	65	72	67	45	91	63	77	54	84	56	33	H0
gene874	63	64	42	74	79	72	49	64	24	63	69	59	39	78	37	66	67	73	59	4	H0
gene875	111	50	53	72	92	74	72	65	96	46	62	56	75	104	74	82	86	77	85	70	H0
gene876	68	105	69	88	99	52	74	97	97	113	69	85	95	65	74	108	60	77	64	79	H0
gene877	35	28	14	18	44	45	53	45	95	30	65	77	51	31	53	26	72	39	25	56	H0
gene878	75	74	89	59	57	48	55	34	73	85	28	77	89	64	48	74	89	49	65	49	H0
gene879	77	51	78	83	94	90	51	72	88	75	86	90	78	67	68	60	92	61	76	86	H0
gene880	57	95	39	72	67	82	68	73	40	98	100	57	61	53	88	52	74	42	68	64	H0
gene881	65	61	70	34	56	75	72	78	74	101	92	21	39	89	87	86	63	43	75	71	H0
gene882	85	55	60	89	90	85	53	67	78	86	70	90	36	78	80	76	75	97	65	78	H0
gene883	61	81	87	106	58	90	59	59	40	106	56	91	41	57	85	38	92	73	104	54	H0
gene884	74	81	97	72	57	91	87	78	72	69	89	105	47	73	100	19	93	84	87	80	H0
gene885	59	69	83	60	22	65	47	66	95	51	91	87	51	43	38	62	41	86	71	72	H0
gene886	72	64	86	103	74	96	81	71	39	34	97	76	61	104	84	91	88	99	34	70	H0
gene887	55	30	25	75	49	40	61	50	46	86	57	78	63	77	58	56	43	18	74	76	H0
gene888	48	101	81	50	80	88	79	47	29	53	63	41	82	136	77	51	83	81	64	62	H0
gene889	75	88	67	81	67	90	87	111	65	78	61	117	55	51	47	58	36	65	29	57	H1
gene890	92	84	90	64	87	86	81	117	70	65	96	72	89	76	97	67	91	54	62	36	H0
gene891	86	80	69	111	46	86	88	81	114	67	56	78	52	66	51	112	97	85	80	45	H0
gene892	95	70	55	67	83	102	69	73	73	68	60	113	79	68	96	94	76	67	78	65	H0
gene893	62	82	73	56	49	39	38	55	31	65	61	65	36	51	53	76	34	104	55	74	H0
gene894	91	77	88	73	107	89	44	53	79	98	110	91	56	89	76	110	125	72	91	59	H0
gene895	95	100	87	47	66	76	75	77	119	82	41	96	78	84	74	75	76	63	63	115	H0
gene896	41	94	43	75	77	105	40	77	78	25	36	56	41	58	71	62	76	39	37	74	H0
gene897	56	54	37	56	38	60	91	63	79	42	69	82	38	82	42	46	54	41	46	32	H0
gene898	47	41	36	49	54	21	44	3	44	61	62	37	-4	24	51	55	40	25	59	24	H0
gene899	63	95	94	35	70	37	65	53	76	79	65	72	80	105	115	87	44	71	78	79	H0
gene900	72	66	84	66	56	95	89	80	93	61	62	60	61	106	113	81	52	71	65	51	H0
gene901	103	83	97	85	71	89	60	63	93	110	81	88	68	83	83	62	96	80	79	111	H0
gene902	20	3	50	18	20	73	78	45	28	44	59	38	70	34	53	31	79	28	39	79	H0
gene903	91	54	44	37	52	64	48	48	72	47	38	50	40	37	34	30	62	56	46	69	H0
gene904	90	49	83	36	59	63	44	65	80	48	66	86	86	67	69	85	66	64	78	81	H0
gene905	77	129	105	112	82	83	105	76	82	82	111	57	96	94	79	84	75	103	124	94	H0
gene906	77	62	45	81	75	53	82	59	91	73	118	78	82	77	78	100	101	66	73	96	H1
gene907	81	42	99	31	65	59	77	45	51	55	64	63	92	68	42	83	19	17	89	51	H0
gene908	60	26	70	44	42	46	77	90	27	55	17	55	45	43	40	48	36	87	49	22	H0
gene909	61	81	63	96	117	65	78	107	101	82	100	116	82	15	75	51	16	87	52	56	H0
gene910	69	57	101	84	63	112	76	41	52	42	91	57	71	77	75	67	69	66	62	82	H0
gene911	63	105	49	49	152	71	61	69	76	98	94	64	128	79	104	68	61	77	54	73	H0
gene912	44	30	73	66	82	48	43	104	66	62	92	53	79	51	45	56	27	57	89	61	H0
gene913	49	55	63	36	96	58	54	54	40	94	44	34	62	73	60	46	60	62	20	60	H0
gene914	68	66	34	60	116	48	98	87	87	78	49	40	49	65	106	50	74	40	50	56	H0
gene915	92	58	55	49	86	52	42	64	80	88	66	73	60	85	43	87	62	52	76	68	H0
gene916	108	65	88	65	55	90	37	81	60	85	72	64	83	56	79	100	81	31	70	94	H0
gene917	53	71	111	80	92	87	65	76	68	50	80	83	87	79	126	84	116	70	57	85	H0
gene918	21	33	52	78	22	30	62	54	77	97	48	67	62	44	40	82	50	50	40	35	H1
gene919	69	56	68	55	53	18	50	69	36	64	32	94	78	99	40	69	53	17	53	85	H0
gene920	41	46	79	50	30	42	56	48	46	58	56	50	73	44	66	38	48	63	22	30	H0
gene921	76	96	106	106	92	92	83	99	88	73	70	67	70	72	89	81	109	48	98	70	H0
gene922	61	64	65	87	103	46	39	50	41	9	46	20	35	77	23	69	65	48	59	46	H0
gene923	62	70	23	41	40	54	37	51	51	65	54	55	45	49	28	90	86	65	41	43	H0
gene924	67	15	41	46	42	57	51	17	75	-4	36	67	53	82	75	78	22	78	59	92	H0
gene925	40	65	67	63	31	114	78	47	68	63	71	49	83	39	65	81	69	55	60	42	H0
gene926	85	62	64	71	49	108	86	73	94	114	80	94	98	48	118	71	76	120	66	58	H0
gene927	80	11	71	50	23	40	43	63	24	34	65	40	76	75	68	70	36	41	72	65	H0
gene928	45	53	45	68	53	85	61	56	85	55	52	32	47	49	34	52	42	87	31	22	H0
gene929	92	72	42	119	85	56	18	43	49	68	88	102	68	65	2	35	47	57	61	95	H0
gene930	61	80	30	59	74	36	67	52	27	94	43	29	32	40	94	38	52	93	-3	24	H0
gene931	91	65	55	69	42	56	48	47	68	77	52	75	89	64	39	72	10	55	54	68	H0
gene932	63	21	36	38	39	102	56	26	64	59	48	48	50	74	50	41	45	58	21	34	H0
gene933	64	38	34	80	71	53	74	47	44	57	45	37	20	18	60	57	42	84	22	10	H0
gene934	35	48	55	5	54	46	74	-11	51	55	40	52	43	48	62	61	61	101	29	65	H1
gene935	77	62	27	45	46	44	58	93	42	44	52	60	75	77	88	66	41	27	34	49	H0
gene936	62	82	40	55	69	49	46	78	27	49	43	49	67	45	71	68	35	56	61	70	H0
gene937	86	63	72	104	48	14	59	68	52	59	57	51	54	49	37	38	68	59	76	56	H1
gene938	70	98	75	-1	81	84	71	95	87	84	81	77	45	109	97	66	105	91	87	45	H0
gene939	49	61	23	49	60	77	51	67	71	36	46	46	65	40	72	85	65	10	36	57	H0
gene940	99	23	76	89	61	58	74	70	76	99	50	73	27	56	41	120	47	78	69	94	H0
gene941	40	58	71	27	66	50	56	27	45	57	57	69	85	35	54	31	46	49	73	32	H0
gene942	87	40	75	52	83	69	114	66	26	51	85	74	98	56	33	43	94	83	65	71	H0
gene943	80	73	24	77	65	94	60	81	84	64	55	83	86	62	75	78	51	93	63	69	H1
gene944	52	52	54	41	77	112	45	71	49	63	60	75	66	59	72	48	49	53	74	42	H0
gene945	47	77	71	57	66	40	53	69	51	98	68	59	52	88	76	44	83	78	89	61	H0
gene946	77	53	32	44	81	99	98	84	85	71	72	85	68	63	68	81	40	82	82	48	H0
gene947	42	59	64	32	50	37	7	76	52	70	53	65	72	42	44	47	24	83	83	33	H0
gene948	51	78	61	65	67	73	47	75	102	57	67	59	77	78	79	46	76	37	67	75	H0
gene949	63	79	71	62	89	74	61	106	74	102	49	88	84	77	82	101	108	77	84	93	H0
gene950	98	77	74	72	91	72	69	65	86	97	74	84	87	110	85	39	63	107	43	106	H0
gene951	28	48	66	64	36	80	31	43	68	48	50	63	83	70	50	58	60	24	39	65	H0
gene952	45	46	53	33	65	55	12	45	45	83	61	57	80	19	26	63	57	65	48	76	H0
gene953	92	69	62	47	33	66	64	97	72	32	59	67	104	79	71	103	87	57	82	109	H0
gene954	101	86	65	114	64	67	85	34	73	102	69	101	54	82	37	121	133	93	59	83	H0
gene955	56	48	110	85	22	89	93	88	97	115	50	62	70	54	75	82	35	51	54	84	H0
gene956	89	73	92	46	68	71	80	42	68	53	71	54	44	81	75	89	109	52	90	90	H0
gene957	70	63	39	73	49	69	34	54	67	61	101	44	65	71	63	46	46	70	99	28	H1
gene958	42	71	50	46	85	25	21	27	73	88	81	94	78	71	58	39	93	77	78	88	H1
gene959	82	88	85	89	71	96	76	106	110	91	70	84	83	65	89	75	128	65	86	61	H0
gene960	53	102	83	60	115	109	74	56	64	95	78	86	64	91	51	74	87	82	71	70	H0
gene961	49	60	84	88	64	42	75	80	111	73	55	60	69	71	24	51	88	57	72	22	H0
gene962	55	92	80	66	71	67	66	72	89	87	115	102	71	91	88	78	83	75	74	84	H0
gene963	41	18	83	83	53	55	67	69	54	51	29	47	62	43	61	92	85	67	46	36	H0
gene964	28	65	45	86	32	57	63	60	72	-2	48	69	49	51	33	34	43	48	25	54	H0
gene965	99	36	50	48	30	44	87	98	81	43	65	68	65	59	88	76	68	83	71	101	H0
gene966	31	118	81	50	90	102	82	40	75	116	68	74	46	78	69	39	66	91	67	53	H0
gene967	57	58	79	45	58	26	82	53	79	81	64	63	74	71	70	53	43	73	89	72	H0
gene968	61	68	117	79	94	78	63	102	85	91	75	58	77	56	96	54	62	99	102	66	H0
gene969	41	29	33	51	75	50	52	36	55	65	73	101	109	62	53	71	87	83	58	65	H1
gene970	56	106	82	77	52	47	27	60	64	93	22	62	68	70	14	55	84	55	74	64	H0
gene971	53	76	103	65	68	81	96	60	122	104	44	46	58	82	112	76	89	56	87	83	H0
gene972	21	54	84	82	66	63	84	80	40	37	55	93	53	66	49	92	78	72	75	64	H0
gene973	86	34	53	55	66	105	60	79	64	55	48	116	71	73	97	64	76	78	48	91	H0
gene974	46	37	74	70	45	67	54	73	42	75	73	83	91	43	65	45	60	72	26	50	H0
gene975	85	104	92	58	60	49	43	102	41	66	81	27	86	67	84	75	74	86	69	68	H0
gene976	48	73	67	67	79	72	69	23	43	41	50	46	60	53	51	49	53	45	105	52	H0
gene977	55	44	49	40	65	48	50	56	53	58	29	45	48	88	82	44	62	67	29	32	H0
gene978	50	45	25	55	67	44	88	68	54	30	68	56	54	66	46	14	26	50	81	52	H0
gene979	77	61	90	62	61	104	56	56	78	71	100	38	66	86	103	82	91	80	93	83	H0
gene980	78	66	89	64	65	96	85	53	120	35	89	88	109	122	56	66	74	100	65	114	H1
gene981	80	47	101	64	78	67	109	73	120	107	77	73	71	86	83	95	78	115	114	84	H0
gene982	47	54	46	54	77	50	62	55	69	57	65	66	87	53	38	76	83	70	48	53	H0
gene983	44	89	77	48	37	62	29	66	30	77	41	75	40	35	35	42	56	55	27	78	H1
gene984	48	55	59	60	91	67	70	61	78	48	30	70	57	67	55	68	47	70	52	39	H0
gene985	39	55	39	62	60	32	38	65	46	68	24	46	36	51	45	45	72	51	63	51	H0
gene986	61	59	43	23	37	67	28	46	75	29	58	54	35	85	58	63	70	48	73	43	H1
gene987	82	85	79	62	38	75	78	82	66	67	69	105	67	57	82	63	51	90	95	32	H0
gene988	65	48	75	65	89	69	69	81	83	82	89	92	90	72	83	64	98	104	110	80	H0
gene989	20	55	82	48	82	51	49	73	40	46	45	40	22	42	68	17	60	81	57	56	H0
gene990	59	49	49	43	69	52	88	70	74	33	88	59	83	47	70	37	64	52	63	3	H0
gene991	75	71	45	84	48	9	54	44	57	40	54	31	12	35	56	43	45	91	47	58	H0
gene992	69	59	91	75	79	104	62	67	34	73	113	104	66	90	55	74	111	73	66	73	H0
gene993	52	109	58	57	58	71	38	71	84	98	78	87	39	95	98	59	83	72	99	92	H0
gene994	84	72	48	92	104	55	110	67	75	85	84	63	66	77	57	77	47	84	16	73	H0
gene995	82	84	87	63	78	62	58	68	68	73	102	61	68	101	97	114	46	62	64	63	H0
gene996	32	54	35	91	32	17	49	62	61	46	32	42	60	33	63	69	9	45	56	58	H0
gene997	93	17	47	60	74	45	26	79	47	40	86	59	70	77	29	66	79	31	40	58	H0
gene998	59	30	35	52	45	42	95	68	66	65	64	59	104	63	19	66	46	65	63	65	H0
gene999	36	83	50	37	62	20	49	35	26	68	82	8	43	25	41	66	51	96	35	-8	H0
gene1000	57	46	52	38	44	57	111	53	53	59	48	64	23	45	24	32	36	38	55	42	H0
